label,core
Abazin_(n=8),Abazin
Abdal_(n=2),Abdal
Abkhazian_(n=11),Abkhazian
Aeta_(n=2),Aeta
Afar_Ethiopia_(n=3),Afar_Ethiopia
African_American_(n=24),African_American
Afrikaner_(n=90),Afrikaner
Afro-Kuwaiti_(n=3),Afro-Kuwaiti
Agaw_(n=2),Agaw
Aghem_(n=28),Aghem
Agta_(n=2),Agta
Akan_Ghana_(n=51),Akan_Ghana
Akha_Thailand_(n=30),Akha_Thailand
Akhvakh_(n=29),Akhvakh
Alawite_Syria_(n=2),Alawite_Syria
Alawite_Turkey_(n=11),Alawite_Turkey
Albanian_(n=10),Albanian
Albanian_Gheg_(n=24),Albanian_Gheg
Albanian_Gheg_Kosovo_(n=34),Albanian_Gheg_Kosovo
Albanian_Gheg_Montenegro_(n=6),Albanian_Gheg_Montenegro
Albanian_Gheg_North_Macedonia_(n=5),Albanian_Gheg_North_Macedonia
Albanian_Gheg_Serbia_(n=3),Albanian_Gheg_Serbia
Albanian_Tosk_(n=24),Albanian_Tosk
Albanian_Tosk_Cham_Greece_(n=4),Albanian_Tosk_Cham_Greece
Albanian_Tosk_North_Macedonia_(n=2),Albanian_Tosk_North_Macedonia
Aleut_(European-Mixed)_(n=4),Aleut_(European-Mixed)
Algerian_Arab_(n=31),Algerian_Arab
Algerian_Arab_Algiers_(n=22),Algerian_Arab_Algiers
Algerian_Arab_Algiers_(Intermediate_Hartani_Profile)_(n=2),Algerian_Arab_Algiers
Algerian_Arab-Berber_(n=2),Algerian_Arab-Berber
Algerian_Jew_(n=8),Algerian_Jew
Algonquin_(European-Mixed)_(n=1),Algonquin_(European-Mixed)
Alor_(n=23),Alor
Alsatian_Bas-Rhin_(n=44),Alsatian_Bas-Rhin
Alsatian_Haut-Rhin_(n=1),Alsatian_Haut-Rhin
Altai-Kizhi_(n=18),Altai-Kizhi
Altai-Kizhi_o_(n=1),Altai-Kizhi
Altaian_(n=22),Altaian
Alur_(low_res)_(n=10),Alur
Amerindian_North_(n=4),Amerindian_North
Amhara_(n=18),Amhara
Ami_(n=10),Ami
Anakalangu_(n=28),Anakalangu
Andhra_Pradeshi_Brahmin_(n=27),Andhra_Pradeshi_Brahmin
Andi_(Ciscaucasian_Profile)_(n=7),Andi
Andi_(Transcaucasian_Profile)_(n=10),Andi
Anglo-American_(n=42),Anglo-American
Anglo-American_Utah_(n=42),Anglo-American_Utah
Anglo-Canadian_(n=2),Anglo-Canadian
Anglo-New_Zealander_(n=2),Anglo-New_Zealander
Anuak_Ethiopia_(n=18),Anuak_Ethiopia
Argentine_Euro-Mestizo_(n=2),Argentine_Euro-Mestizo
Ari_(n=2),Ari
Ari_Blacksmith_(n=6),Ari_Blacksmith
Ari_Cultivator_(n=15),Ari_Cultivator
Aringa_(n=4),Aringa
Armenian_(n=15),Armenian
Armenian_Adana_(n=1),Armenian_Adana
Armenian_Aintab_(n=3),Armenian_Aintab
Armenian_Alashkert_(n=4),Armenian_Alashkert
Armenian_Amasia_(n=1),Armenian_Amasia
Armenian_Ararat_(n=17),Armenian_Ararat
Armenian_Artsakh_(n=22),Armenian_Artsakh
Armenian_Artvin_(n=1),Armenian_Artvin
Armenian_Ashtarak_(n=1),Armenian_Ashtarak
Armenian_Bayazet_(n=4),Armenian_Bayazet
Armenian_Erzurum_(n=9),Armenian_Erzurum
Armenian_Gardman_(n=1),Armenian_Gardman
Armenian_Gegharkunik_(n=1),Armenian_Gegharkunik
Armenian_Gesaria_(n=4),Armenian_Gesaria
Armenian_Gurin_(n=2),Armenian_Gurin
Armenian_Halep_(n=1),Armenian_Halep
Armenian_Hemshin_(n=8),Armenian_Hemshin
Armenian_Iran_(n=5),Armenian_Iran
Armenian_Kars_(n=1),Armenian_Kars
Armenian_Kessab_(n=4),Armenian_Kessab
Armenian_Kharberd_(n=1),Armenian_Kharberd
Armenian_Lebanon_(n=60),Armenian_Lebanon
Armenian_Lori_(n=5),Armenian_Lori
Armenian_Mardin_(n=1),Armenian_Mardin
Armenian_Mush_(n=6),Armenian_Mush
Armenian_Parspatunik_(n=2),Armenian_Parspatunik
Armenian_Sasun_(n=5),Armenian_Sasun
Armenian_Sebastia_(n=2),Armenian_Sebastia
Armenian_Shamakhi_(n=2),Armenian_Shamakhi
Armenian_Syunik_(n=14),Armenian_Syunik
Armenian_Syunik_o_(n=1),Armenian_Syunik
Armenian_Tigranakert_(Diyarbakir)_(n=2),Armenian_Tigranakert_(Diyarbakir)
Armenian_Urfa_(n=9),Armenian_Urfa
Armenian_Van_(n=4),Armenian_Van
Armenian_Yerevan_(n=9),Armenian_Yerevan
Ashaninka_(n=8),Ashaninka
Ashkenazi_Jew_(n=1203),Ashkenazi_Jew
Ashkenazi_Jew_Austria_(n=2),Ashkenazi_Jew_Austria
Ashkenazi_Jew_Belarus_(n=15),Ashkenazi_Jew_Belarus
Ashkenazi_Jew_France_(n=8),Ashkenazi_Jew_France
Ashkenazi_Jew_Germany_(n=10),Ashkenazi_Jew_Germany
Ashkenazi_Jew_Latvia_(n=2),Ashkenazi_Jew_Latvia
Ashkenazi_Jew_Lithuania_(n=11),Ashkenazi_Jew_Lithuania
Ashkenazi_Jew_Poland_(n=26),Ashkenazi_Jew_Poland
Ashkenazi_Jew_Romania_(n=2),Ashkenazi_Jew_Romania
Ashkenazi_Jew_Russia_(n=10),Ashkenazi_Jew_Russia
Ashkenazi_Jew_Ukraine_(n=24),Ashkenazi_Jew_Ukraine
Assamese_(n=1),Assamese
Assamese_Brahmin_(n=1),Assamese_Brahmin
Assyrian_Chaldean_Catholic_Iraq_(n=7),Assyrian_Chaldean_Catholic_Iraq
Assyrian_Iran_Urmia_(n=2),Assyrian_Iran_Urmia
Assyrian_Iran_Urmia_o_(n=1),Assyrian_Iran_Urmia
Assyrian_Iraq_(n=20),Assyrian_Iraq
Assyrian_Syriac_Orthodox_Turkey_Tur_Abdin_(n=14),Assyrian_Syriac_Orthodox_Turkey_Tur_Abdin
Assyrian_Turkey_Hakkari_(n=14),Assyrian_Turkey_Hakkari
Asur_(n=2),Asur
Atayal_(n=9),Atayal
Australian_Aboriginal_(n=5),Australian_Aboriginal
Austrian_(n=18),Austrian
Austrian_Carinthia_(n=1),Austrian_Carinthia
Avar_(n=42),Avar
Awadhi_Brahmin_Saryupareen_(n=2),Awadhi_Brahmin_Saryupareen
Awadhi_Muslim_(n=2),Awadhi_Muslim
Aymara_Bolivia_(n=13),Aymara_Bolivia
Aymara_Bolivia_(Mestizo_Profile)_(n=16),Aymara_Bolivia
Aymara_Peru_(n=1),Aymara_Peru
Aymara_Peru_Titicaca_(n=11),Aymara_Peru_Titicaca
Azeri_Armenia_(n=2),Azeri_Armenia
Azeri_Azerbaijan_(n=6),Azeri_Azerbaijan
Azeri_Azerbaijan_Aghjabadi_(n=9),Azeri_Azerbaijan_Aghjabadi
Azeri_Azerbaijan_Aghstafa_(n=3),Azeri_Azerbaijan_Aghstafa
Azeri_Azerbaijan_Gabala_(n=21),Azeri_Azerbaijan_Gabala
Azeri_Azerbaijan_Karabakh_(n=6),Azeri_Azerbaijan_Karabakh
Azeri_Azerbaijan_Nakhchivan_(n=2),Azeri_Azerbaijan_Nakhchivan
Azeri_Azerbaijan_Qazax_(n=5),Azeri_Azerbaijan_Qazax
Azeri_Azerbaijan_Shaki_(n=8),Azeri_Azerbaijan_Shaki
Azeri_Azerbaijan_Shamkir_(n=4),Azeri_Azerbaijan_Shamkir
Azeri_Dagestan_(n=27),Azeri_Dagestan
Azeri_Georgia_(n=7),Azeri_Georgia
Azeri_Georgia_o_(n=1),Azeri_Georgia
Azeri_Iran_(n=12),Azeri_Iran
Azeri_Iran_Ardabil_(n=17),Azeri_Iran_Ardabil
Azeri_Iran_East_Azerbaijan_Tabriz_(n=6),Azeri_Iran_East_Azerbaijan_Tabriz
Azeri_Iran_Tehran_(n=9),Azeri_Iran_Tehran
Azeri_Iran_West_Azerbaijan_Maku_(n=2),Azeri_Iran_West_Azerbaijan_Maku
Azeri_Iran_Zanjan_(n=5),Azeri_Iran_Zanjan
Azeri_Turkey_Igdir_(n=7),Azeri_Turkey_Igdir
Azeri_Turkey_Kars_(n=11),Azeri_Turkey_Kars
Baggara_Chad_A_(n=12),Baggara_Chad_A
Baggara_Chad_B_(n=7),Baggara_Chad_B
Baggara_Chad_C_(n=6),Baggara_Chad_C
Baggara_Messiria_Sudan_(n=3),Baggara_Messiria_Sudan
Baggara_Messiria_Sudan_o1_(n=1),Baggara_Messiria_Sudan
Baggara_Messiria_Sudan_o2_(n=1),Baggara_Messiria_Sudan
Baggara_Sudan_(n=17),Baggara_Sudan
Baggara_Sudan_o1_(n=4),Baggara_Sudan
Baggara_Sudan_o2_(n=2),Baggara_Sudan
Bagvalal_(n=14),Bagvalal
Bagvalal_o_(n=2),Bagvalal
Bai_(n=15),Bai
Bai_Guizhou_Bijie_(n=50),Bai_Guizhou_Bijie
Baining_(n=21),Baining
Bajo_(n=3),Bajo
Baka_(n=2),Baka
Bakoko_(n=1),Bakoko
Bakola_(n=2),Bakola
Balinese_(n=19),Balinese
Balkar_(n=7),Balkar
Balochi_Iran_(n=5),Balochi_Iran
Balochi_Pakistan_(n=14),Balochi_Pakistan
Balti_(n=15),Balti
Balti_o_(n=1),Balti
Bamar_(n=117),Bamar
Bamar_o1_(n=5),Bamar
Bamar_o2_(n=5),Bamar
Bamar_o3_(n=2),Bamar
Bambara_Mali_(n=60),Bambara_Mali
Bangwa_(n=2),Bangwa
Bari_(n=4),Bari
Bashkir_(n=10),Bashkir
Bashkir_Baimaksky_(n=8),Bashkir_Baimaksky
Bashkir_Kugarchinsky_(n=7),Bashkir_Kugarchinsky
Bashkir_Miyakinsky_(n=6),Bashkir_Miyakinsky
Basque_France_(n=10),Basque_France
Basque_France_Labourd_(n=11),Basque_France_Labourd
Basque_France_Lower_Navarre_(n=11),Basque_France_Lower_Navarre
Basque_France_Soule_(n=11),Basque_France_Soule
Basque_Spain_(n=25),Basque_Spain
Basque_Spain_Alava_(n=12),Basque_Spain_Alava
Basque_Spain_Biscay_(n=11),Basque_Spain_Biscay
Basque_Spain_Gipuzkoa_Central_(n=11),Basque_Spain_Gipuzkoa_Central
Basque_Spain_Gipuzkoa_Southwest_(n=11),Basque_Spain_Gipuzkoa_Southwest
Basque_Spain_Gipuzkoa_Tolosa_(n=9),Basque_Spain_Gipuzkoa_Tolosa
Basque_Spain_Navarre_(n=1),Basque_Spain_Navarre
Basque_Spain_Navarre_Central-West_(n=11),Basque_Spain_Navarre_Central-West
Basque_Spain_Navarre_Northwest_(n=11),Basque_Spain_Navarre_Northwest
Basque_Spain_Navarre_Roncal_(n=11),Basque_Spain_Navarre_Roncal
Baster_(n=30),Baster
Batak_Palawan_(n=2),Batak_Palawan
Batak_Toba_(n=30),Batak_Toba
Bedik_(n=25),Bedik
Bedouin_Algeria_(n=3),Bedouin_Algeria
Bedouin_Jordan_(n=4),Bedouin_Jordan
Bedouin_Jordan_o_(n=2),Bedouin_Jordan
Bedouin_Libya_(n=6),Bedouin_Libya
Bedouin_Negev_(Arabian_Profile)_(n=18),Bedouin_Negev
Bedouin_Negev_(Arabian/Egyptian-Mixed_Profile)_(n=9),Bedouin_Negev
Bedouin_Sudan_Rashaida_(n=20),Bedouin_Sudan_Rashaida
Bedouin_Syria_(n=21),Bedouin_Syria
Bedzan_(n=2),Bedzan
Beja_Beni-Amer_(n=14),Beja_Beni-Amer
Beja_Hadendowa_(n=7),Beja_Hadendowa
Beja_Hadendowa_o1_(n=1),Beja_Hadendowa
Beja_Hadendowa_o2_(n=1),Beja_Hadendowa
Belarusian_(n=23),Belarusian
Belgian_(n=311),Belgian
Bengali_(n=27),Bengali
Bengali_Bangladesh_(n=89),Bengali_Bangladesh
Bengali_Bangladesh_Brahmanbaria_(n=4),Bengali_Bangladesh_Brahmanbaria
Bengali_Bangladesh_o1_(n=5),Bengali_Bangladesh
Bengali_Bangladesh_o2_(n=1),Bengali_Bangladesh
Bengali_Bangladesh_Southeast_(n=7),Bengali_Bangladesh_Southeast
Bengali_Bangladesh_Sylhet_(n=22),Bengali_Bangladesh_Sylhet
Bengali_Brahmin_West_Bengal_(n=21),Bengali_Brahmin_West_Bengal
Bengali_India_(n=1),Bengali_India
Berber_Algeria_Gourara_Timimoun_(n=6),Berber_Algeria_Gourara_Timimoun
Berber_Algeria_Gourara_Timimoun_(Intermediate_Hartani_Profile)_(n=11),Berber_Algeria_Gourara_Timimoun
Berber_Algeria_Gourara_Timimoun_(SSA_Profile)_(n=3),Berber_Algeria_Gourara_Timimoun
Berber_Algeria_Kabyle_(n=24),Berber_Algeria_Kabyle
Berber_Algeria_Mozabite_(n=23),Berber_Algeria_Mozabite
Berber_Algeria_Shawiya_(n=4),Berber_Algeria_Shawiya
Berber_Algeria_Tuareg_(n=1),Berber_Algeria_Tuareg
Berber_Egypt_Hawwara_(n=3),Berber_Egypt_Hawwara
Berber_Mali_Tuareg_(n=3),Berber_Mali_Tuareg
Berber_Morocco_Central_Atlas_Tamazight_(n=7),Berber_Morocco_Central_Atlas_Tamazight
Berber_Morocco_Central_Atlas_Tamazight_Errachidia_(n=13),Berber_Morocco_Central_Atlas_Tamazight_Errachidia
Berber_Morocco_Central_Atlas_Tamazight_Errachidia_(Intermediate_Hartani_Profile)_(n=1),Berber_Morocco_Central_Atlas_Tamazight_Errachidia
Berber_Morocco_Eastern_Middle_Atlas_Tamazight_(n=3),Berber_Morocco_Eastern_Middle_Atlas_Tamazight
Berber_Morocco_Riffian_(n=29),Berber_Morocco_Riffian
Berber_Morocco_Senhaja_de_Srair_(n=1),Berber_Morocco_Senhaja_de_Srair
Berber_Morocco_Shilha_(n=21),Berber_Morocco_Shilha
Berber_Morocco_Shilha_Ait_Atta_(n=6),Berber_Morocco_Shilha_Ait_Atta
Berber_Morocco_Shilha_Ouarzazate_(n=6),Berber_Morocco_Shilha_Ouarzazate
Berber_Morocco_Shilha_Ouarzazate_(Intermediate_Hartani_Profile)_(n=6),Berber_Morocco_Shilha_Ouarzazate
Berber_Morocco_Shilha_Tiznit_(n=11),Berber_Morocco_Shilha_Tiznit
Berber_Morocco_Shilha_Tiznit_(Intermediate_Hartani_Profile)_(n=2),Berber_Morocco_Shilha_Tiznit
Berber_Morocco_Shilha_Tiznit_o_(n=1),Berber_Morocco_Shilha_Tiznit
Berber_Tunisia_East_Zenati_Chenini_(n=18),Berber_Tunisia_East_Zenati_Chenini
Berber_Tunisia_East_Zenati_Djerba_(n=3),Berber_Tunisia_East_Zenati_Djerba
Berber_Tunisia_East_Zenati_Matmata_(n=13),Berber_Tunisia_East_Zenati_Matmata
Berber_Tunisia_East_Zenati_Matmata_(Intermediate_Shwashin_Profile)_(n=1),Berber_Tunisia_East_Zenati_Matmata
Berber_Tunisia_East_Zenati_Sened_(n=17),Berber_Tunisia_East_Zenati_Sened
Berber_Tunisia_East_Zenati_Tamezret_(n=10),Berber_Tunisia_East_Zenati_Tamezret
Berber_Tunisia_East_Zenati_Zraoua_(n=15),Berber_Tunisia_East_Zenati_Zraoua
Besermyan_(n=6),Besermyan
Beta_Israel_(Ethiopian_Jew)_(n=6),Beta_Israel_(Ethiopian_Jew)
Bezhta_(n=15),Bezhta
Bezhta_(Transcaucasian_Profile)_(n=1),Bezhta
Bhojpuri_Kshatriya_(n=4),Bhojpuri_Kshatriya
Bhojpuri_Kshatriya_o_(n=1),Bhojpuri_Kshatriya
Bhumij_(n=2),Bhumij
Bhunjia_Chhattisgarh_(n=1),Bhunjia_Chhattisgarh
Biaka_(n=7),Biaka
Bihari_Brahmin_Bhumihar_(n=4),Bihari_Brahmin_Bhumihar
Bihari_Kayastha_(n=1),Bihari_Kayastha
Birhor_(n=18),Birhor
Bitonga_(n=17),Bitonga
Blang_(n=13),Blang
Blang_o_(n=2),Blang
Bolivian_Cochabamba_(n=1),Bolivian_Cochabamba
Bolivian_La_Paz_(n=3),Bolivian_La_Paz
Bolivian_Pando_(n=1),Bolivian_Pando
Bolivian_Pando_(Mestizo_Profile)_(n=2),Bolivian_Pando
Bonan_(n=40),Bonan
Bonda_(n=3),Bonda
Bosniak_(n=16),Bosniak
Bosniak_Croatia_(n=7),Bosniak_Croatia
Bosniak_Sandzak_(n=6),Bosniak_Sandzak
Botlikh_(n=15),Botlikh
Botlikh_o_(n=2),Botlikh
Bouyei_Guizhou_Guanling_(n=44),Bouyei_Guizhou_Guanling
Bouyei_Guizhou_Guanling_o_(n=4),Bouyei_Guizhou_Guanling
Brahui_(n=20),Brahui
Braj_Brahmin_Kanyakubja_(n=2),Braj_Brahmin_Kanyakubja
Brazilian_Branco_(n=15),Brazilian_Branco
Brazilian_Pardo_(n=3),Brazilian_Pardo
Breton_(n=4),Breton
Breton_Cotes-d'Armor_(n=8),Breton_Cotes-d'Armor
Breton_Finistere_(n=17),Breton_Finistere
Breton_Ille-et-Vilaine_(n=5),Breton_Ille-et-Vilaine
Breton_Ille-et-Vilaine_Rennes_(n=31),Breton_Ille-et-Vilaine_Rennes
Breton_Loire-Atlantique_(n=5),Breton_Loire-Atlantique
Breton_Morbihan_(n=6),Breton_Morbihan
Bukharian_Jew_(n=21),Bukharian_Jew
Bulala_(n=2),Bulala
Bulgarian_(n=13),Bulgarian
Bunu_Baiku_Yao_(n=20),Bunu_Baiku_Yao
Bunu_Changshan_Yao_(n=19),Bunu_Changshan_Yao
Bunu_Qing_Yao_(n=19),Bunu_Qing_Yao
Burusho_(n=20),Burusho
Buryat_(n=23),Buryat
Buryat_Aginsky_(n=11),Buryat_Aginsky
Buryat_Duldurginsky_(n=4),Buryat_Duldurginsky
Buryat_Irkutsk_(n=11),Buryat_Irkutsk
Buryat_Khorinsky_(n=5),Buryat_Khorinsky
Buryat_Mongolia_(n=2),Buryat_Mongolia
Buryat_Mongolia_(low_res)_(n=23),Buryat_Mongolia
Buryat_o1_(n=1),Buryat
Buryat_o2_(n=1),Buryat
Buryat_o3_(n=1),Buryat
Buryat_Zakamensky_(n=6),Buryat_Zakamensky
Cachi_(n=4),Cachi
Cajun_(n=2),Cajun
Cambodian_(n=3),Cambodian
Cameroonian_Bafut_(n=11),Cameroonian_Bafut
Cameroonian_Bantu_(n=50),Cameroonian_Bantu
Cameroonian_Semi-Bantu_(n=50),Cameroonian_Semi-Bantu
Cashibo_(n=6),Cashibo
Catalan_Pyrenees-Orientales_(n=1),Catalan_Pyrenees-Orientales
Central_Uttar_Pradeshi_Brahmin_Lucknow_(n=8),Central_Uttar_Pradeshi_Brahmin_Lucknow
Central_Uttar_Pradeshi_Brahmin_Lucknow_o_(n=2),Central_Uttar_Pradeshi_Brahmin_Lucknow
Chamalal_(n=11),Chamalal
Chamorro_(European-Mixed)_(n=1),Chamorro_(European-Mixed)
Chane_(n=1),Chane
Changana_(n=9),Changana
Chechen_(n=15),Chechen
Chenchu_(n=3),Chenchu
Chewa_Malawi_(n=111),Chewa_Malawi
Chhattisgarhi_Satnami_(n=1),Chhattisgarhi_Satnami
Chin_(n=43),Chin
Chin_o_(n=2),Chin
Chipewyan_(n=2),Chipewyan
Chitak_Greece_Eastern_Macedonia_and_Thrace_(n=1),Chitak_Greece_Eastern_Macedonia_and_Thrace
Choctaw_(n=1),Choctaw
Chopi_(n=13),Chopi
Chukchi_(n=5),Chukchi
Chukchi_(European-Mixed)_(n=1),Chukchi_(European-Mixed)
Chuvash_(n=13),Chuvash
Chuvash_o1_(n=1),Chuvash
Chuvash_o2_(n=1),Chuvash
Circassian_Adyghe_(n=14),Circassian_Adyghe
Circassian_Kabardian_(n=38),Circassian_Kabardian
Cochin_Jew_(n=6),Cochin_Jew
Cochin_Jew_o_(n=2),Cochin_Jew
Cochin_Jew_Paradesi_(n=6),Cochin_Jew_Paradesi
Colla_(n=3),Colla
Colombian_Mestizo_(n=3),Colombian_Mestizo
Coloured_(n=18),Coloured
Coloured_o1_(n=4),Coloured
Coloured_o2_(n=1),Coloured
Coloured_o3_(n=1),Coloured
Coloured_o4_(n=1),Coloured
Comorian_(n=1),Comorian
Cornish_(n=15),Cornish
Corsican_(n=14),Corsican
Corsican_Corse-du-Sud_(n=1),Corsican_Corse-du-Sud
Cree_(European-Mixed)_(n=4),Cree_(European-Mixed)
Crimean_Tatar_Steppe_(n=4),Crimean_Tatar_Steppe
Crimean_Tatar_Steppe_Dobruja_(n=1),Crimean_Tatar_Steppe_Dobruja
Croat_(n=25),Croat
Croat_Bosnia_(n=5),Croat_Bosnia
Croat_Dalmatia_(n=10),Croat_Dalmatia
Croat_Herzegovina_(n=5),Croat_Herzegovina
Croat_Kajkavian_Northern_Croatia_(n=7),Croat_Kajkavian_Northern_Croatia
Croat_Slavonia_(n=1),Croat_Slavonia
Cuban_Blanco_(n=10),Cuban_Blanco
Cypriot_Arab_Maronite_(n=2),Cypriot_Arab_Maronite
Czech_(n=21),Czech
Dai_(n=3),Dai
Daju_Nyala_(Gemar)_(n=4),Daju_Nyala_(Gemar)
Daju_Nyala_(Gemar)_o1_(n=1),Daju_Nyala_(Gemar)
Daju_Nyala_(Gemar)_o2_(n=1),Daju_Nyala_(Gemar)
Daju_Sudan_(n=17),Daju_Sudan
Daju_Sudan_o1_(n=3),Daju_Sudan
Daju_Sudan_o2_(n=1),Daju_Sudan
Daju_Sudan_o3_(n=1),Daju_Sudan
Daju_Sudan_o4_(n=3),Daju_Sudan
Dakhni_Muslim_Hyderabad_(n=3),Dakhni_Muslim_Hyderabad
Damara_(n=8),Damara
Dangaleat_(n=25),Dangaleat
Danish_(n=86),Danish
Dargin_(n=10),Dargin
Dargin_Urkarah_(low_res)_(n=18),Dargin_Urkarah
Datog_(n=3),Datog
Daur_(n=3),Daur
Dhurwa_Odisha_(n=1),Dhurwa_Odisha
Dinka_(n=33),Dinka
Dinka_o1_(n=5),Dinka
Dinka_o2_(n=1),Dinka
Dinka_o3_(n=1),Dinka
Dogon_(n=12),Dogon
Dogra_Brahmin_Jammu_(n=1),Dogra_Brahmin_Jammu
Dolgan_(n=15),Dolgan
Dong_Guizhou_Congjiang_(n=3),Dong_Guizhou_Congjiang
Dong_Guizhou_Liping_(n=52),Dong_Guizhou_Liping
Dong_Guizhou_Rongjiang_(n=2),Dong_Guizhou_Rongjiang
Dong_Guizhou_Tianzhu_(n=1),Dong_Guizhou_Tianzhu
Dong_Guizhou_Tongren_(n=20),Dong_Guizhou_Tongren
Dong_Guizhou_Tongren_o_(n=1),Dong_Guizhou_Tongren
Dong_Hunan_(n=7),Dong_Hunan
Dongxiang_(n=36),Dongxiang
Druze_Israel_(n=12),Druze_Israel
Druze_Lebanon_(n=11),Druze_Lebanon
Dungan_(n=15),Dungan
Dusadh_(n=3),Dusadh
Dusun_Brunei_(n=20),Dusun_Brunei
Dutch_(n=167),Dutch
Dutch_Central_(n=2),Dutch_Central
Dutch_Central+South_(n=3),Dutch_Central+South
Dutch_Groningen_(n=2),Dutch_Groningen
Dutch_Limburg_(n=1),Dutch_Limburg
Dutch_North_(n=2),Dutch_North
Dutch_North_Brabant_(n=1),Dutch_North_Brabant
Dutch_South_Holland_(n=2),Dutch_South_Holland
Eastern_Uttar_Pradeshi_Brahmin_(n=7),Eastern_Uttar_Pradeshi_Brahmin
Eastern_Uttar_Pradeshi_Brahmin_o_(n=1),Eastern_Uttar_Pradeshi_Brahmin
Eastern_Uttar_Pradeshi_Kalal_(n=1),Eastern_Uttar_Pradeshi_Kalal
Eastern_Uttar_Pradeshi_Teli_(n=1),Eastern_Uttar_Pradeshi_Teli
Egyptian_Arab_Muslim_(n=67),Egyptian_Arab_Muslim
Egyptian_Arab_Muslim_Alexandria_(n=5),Egyptian_Arab_Muslim_Alexandria
Egyptian_Arab_Muslim_Beheira_(n=2),Egyptian_Arab_Muslim_Beheira
Egyptian_Arab_Muslim_Cairo_(n=3),Egyptian_Arab_Muslim_Cairo
Egyptian_Arab_Muslim_Dakahlia_(n=10),Egyptian_Arab_Muslim_Dakahlia
Egyptian_Arab_Muslim_Gharbia_(n=5),Egyptian_Arab_Muslim_Gharbia
Egyptian_Arab_Muslim_Giza_(n=2),Egyptian_Arab_Muslim_Giza
Egyptian_Arab_Muslim_Luxor_(n=1),Egyptian_Arab_Muslim_Luxor
Egyptian_Arab_Muslim_o_(Intermediate_Profile)_(n=1),Egyptian_Arab_Muslim
Egyptian_Arab_Muslim_Qalyubia_(n=2),Egyptian_Arab_Muslim_Qalyubia
Egyptian_Arab_Muslim_Sharqia_(n=2),Egyptian_Arab_Muslim_Sharqia
Egyptian_Copt_(n=27),Egyptian_Copt
Egyptian_Copt_Sudan_(n=11),Egyptian_Copt_Sudan
Elmolo_(n=2),Elmolo
Emirati_(Bandari_Profile)_(n=10),Emirati
Emirati_(Dom_Profile)_(n=1),Emirati
Emirati_(Eastern_Iranian_Plateau_Profile)_(n=2),Emirati
Emirati_(Iranian_Plateau_Profile)_(n=8),Emirati
Emirati_(South_Asian+SSA-Mixed_Profile)_(n=2),Emirati
Emirati_(South_Asian+SSA-Mixed_Profile)_o_(n=1),Emirati
Emirati_Arab_(Arabian_Profile)_(n=64),Emirati_Arab
Emirati_Arab_(Arabian-Mixed_Profile)_(n=22),Emirati_Arab
Emirati_Arab_(Irano-Mesopotamian_Profile)_(n=2),Emirati_Arab
Emirati_Arab_(Mesopotamian_Arab_Profile)_(n=10),Emirati_Arab
Emirati_Arab_(South_Asian-Mixed_Profile)_(n=7),Emirati_Arab
Emirati_Arab_(South_Asian-Mixed_Profile)_o_(n=4),Emirati_Arab
Emirati_Arab_(South_Asian+SSA-Mixed_Profile)_(n=13),Emirati_Arab
Emirati_Arab_(South_Asian+SSA-Mixed_Profile)_o1_(n=6),Emirati_Arab
Emirati_Arab_(South_Asian+SSA-Mixed_Profile)_o2_(n=4),Emirati_Arab
Emirati_Arab_(South_Asian+SSA-Mixed_Profile)_o3_(n=2),Emirati_Arab
Emirati_Arab_(South_Asian+SSA-Mixed_Profile)_o4_(n=3),Emirati_Arab
Emirati_Arab_(SSA-Mixed_Profile)_(n=5),Emirati_Arab
Emirati_Arab_(SSA-Mixed_Profile)_o1_(n=4),Emirati_Arab
Emirati_Arab_(SSA-Mixed_Profile)_o2_(n=1),Emirati_Arab
Emirati_Arab_(SSA-Mixed_Profile)_o3_(n=2),Emirati_Arab
Emirati_Arab_(SSA-Mixed_Profile)_o4_(n=1),Emirati_Arab
English_(n=44),English
Eritrean_(n=4),Eritrean
Esan_(n=8),Esan
Estonian_(n=11),Estonian
Even_(n=7),Even
Even_(European-Mixed)_(n=8),Even_(European-Mixed)
Evenk_(n=18),Evenk
Evenk_Khabarovsk_(n=2),Evenk_Khabarovsk
Evenk_Khabarovsk_(European-Mixed)_(n=3),Evenk_Khabarovsk_(European-Mixed)
Evenk_o1_(n=1),Evenk
Evenk_o2_(n=1),Evenk
Evenk_Zabaykalsky_(n=8),Evenk_Zabaykalsky
Filipino_(n=78),Filipino
Filipino_Luzon_(n=12),Filipino_Luzon
Finnish_(n=50),Finnish
Finnish_Central_(n=10),Finnish_Central
Finnish_East_(n=12),Finnish_East
Finnish_Ingria_(n=11),Finnish_Ingria
Finnish_North_(n=9),Finnish_North
Finnish_Southeast_(n=11),Finnish_Southeast
Finnish_Southwest_(n=8),Finnish_Southwest
Flemish_Belgium_(n=2),Flemish_Belgium
Flemish_France_Nord_(n=3),Flemish_France_Nord
Formosan_(n=14),Formosan
Formosan_o_(n=1),Formosan
Frafra_Nankam_(n=50),Frafra_Nankam
French_(n=64),French
French_Arpitan_Auvergne-Rhone-Alpes_Isere_(n=1),French_Arpitan_Auvergne-Rhone-Alpes_Isere
French_Arpitan_Auvergne-Rhone-Alpes_Loire_(n=2),French_Arpitan_Auvergne-Rhone-Alpes_Loire
French_Arpitan_Auvergne-Rhone-Alpes_Rhone_(n=1),French_Arpitan_Auvergne-Rhone-Alpes_Rhone
French_Arpitan_Auvergne-Rhone-Alpes_Savoie_(n=2),French_Arpitan_Auvergne-Rhone-Alpes_Savoie
French_Arpitan_Bourgogne-Franche-Comte_Jura_(n=1),French_Arpitan_Bourgogne-Franche-Comte_Jura
French_Canadian_(n=6),French_Canadian
French_Occitan_Auvergne-Rhone-Alpes_Ardeche_(n=2),French_Occitan_Auvergne-Rhone-Alpes_Ardeche
French_Occitan_Auvergne-Rhone-Alpes_Drome_(n=1),French_Occitan_Auvergne-Rhone-Alpes_Drome
French_Occitan_Auvergne-Rhone-Alpes_Haute-Loire_(n=4),French_Occitan_Auvergne-Rhone-Alpes_Haute-Loire
French_Occitan_Auvergne-Rhone-Alpes_Puy-de-Dome_(n=28),French_Occitan_Auvergne-Rhone-Alpes_Puy-de-Dome
French_Occitan_Nouvelle-Aquitaine_Correze_(n=3),French_Occitan_Nouvelle-Aquitaine_Correze
French_Occitan_Nouvelle-Aquitaine_Creuse_(n=1),French_Occitan_Nouvelle-Aquitaine_Creuse
French_Occitan_Nouvelle-Aquitaine_Dordogne_(n=1),French_Occitan_Nouvelle-Aquitaine_Dordogne
French_Occitan_Nouvelle-Aquitaine_Gironde_(n=1),French_Occitan_Nouvelle-Aquitaine_Gironde
French_Occitan_Nouvelle-Aquitaine_Haute-Vienne_(n=1),French_Occitan_Nouvelle-Aquitaine_Haute-Vienne
French_Occitan_Nouvelle-Aquitaine_Landes_Chalosse_(n=9),French_Occitan_Nouvelle-Aquitaine_Landes_Chalosse
French_Occitan_Nouvelle-Aquitaine_Landes_Chalosse_Dax_(n=4),French_Occitan_Nouvelle-Aquitaine_Landes_Chalosse_Dax
French_Occitan_Nouvelle-Aquitaine_Pyrenees-Atlantiques_Bearn_(n=10),French_Occitan_Nouvelle-Aquitaine_Pyrenees-Atlantiques_Bearn
French_Occitan_Occitanie_Aveyron_(n=2),French_Occitan_Occitanie_Aveyron
French_Occitan_Occitanie_Gard_(n=2),French_Occitan_Occitanie_Gard
French_Occitan_Occitanie_Haute-Garonne_(n=37),French_Occitan_Occitanie_Haute-Garonne
French_Occitan_Occitanie_Hautes-Pyrenees_Bigorre_(n=8),French_Occitan_Occitanie_Hautes-Pyrenees_Bigorre
French_Occitan_Occitanie_Hautes-Pyrenees_Bigorre_Lourdes_(n=3),French_Occitan_Occitanie_Hautes-Pyrenees_Bigorre_Lourdes
French_Occitan_Occitanie_Herault_(n=1),French_Occitan_Occitanie_Herault
French_Occitan_Occitanie_Lozere_(n=1),French_Occitan_Occitanie_Lozere
French_Occitan_Occitanie_Tarn_(n=1),French_Occitan_Occitanie_Tarn
French_Occitan_Provence-Alpes-Cote_d'Azur_(n=4),French_Occitan_Provence-Alpes-Cote_d'Azur
French_Occitan_Provence-Alpes-Cote_d'Azur_Alpes-de-Haute-Provence_(n=1),French_Occitan_Provence-Alpes-Cote_d'Azur_Alpes-de-Haute-Provence
French_Occitan_Provence-Alpes-Cote_d'Azur_Bouches-du-Rhone_(n=1),French_Occitan_Provence-Alpes-Cote_d'Azur_Bouches-du-Rhone
French_Occitan_Provence-Alpes-Cote_d'Azur_Bouches-du-Rhone_Marseille_(n=13),French_Occitan_Provence-Alpes-Cote_d'Azur_Bouches-du-Rhone_Marseille
French_Occitan_Provence-Alpes-Cote_d'Azur_o_(n=1),French_Occitan_Provence-Alpes-Cote_d'Azur
French_Oil_Bourgogne-Franche-Comte_Cote-d'Or_(n=2),French_Oil_Bourgogne-Franche-Comte_Cote-d'Or
French_Oil_Bourgogne-Franche-Comte_Doubs_(n=2),French_Oil_Bourgogne-Franche-Comte_Doubs
French_Oil_Bourgogne-Franche-Comte_Haute-Saone_(n=1),French_Oil_Bourgogne-Franche-Comte_Haute-Saone
French_Oil_Bourgogne-Franche-Comte_Nievre_(n=1),French_Oil_Bourgogne-Franche-Comte_Nievre
French_Oil_Bourgogne-Franche-Comte_Saone-et-Loire_(n=2),French_Oil_Bourgogne-Franche-Comte_Saone-et-Loire
French_Oil_Bourgogne-Franche-Comte_Yonne_(n=2),French_Oil_Bourgogne-Franche-Comte_Yonne
French_Oil_Centre-Val_de_Loire_Indre_(n=1),French_Oil_Centre-Val_de_Loire_Indre
French_Oil_Grand_Est_Ardennes_(n=1),French_Oil_Grand_Est_Ardennes
French_Oil_Grand_Est_Marne_(n=1),French_Oil_Grand_Est_Marne
French_Oil_Grand_Est_Moselle_(n=9),French_Oil_Grand_Est_Moselle
French_Oil_Grand_Est_Vosges_(n=1),French_Oil_Grand_Est_Vosges
French_Oil_Hauts-de-France_Nord_(n=37),French_Oil_Hauts-de-France_Nord
French_Oil_Hauts-de-France_Pas-de-Calais_(n=9),French_Oil_Hauts-de-France_Pas-de-Calais
French_Oil_Hauts-de-France_Somme_(n=1),French_Oil_Hauts-de-France_Somme
French_Oil_Ile-de-France_Paris_(n=11),French_Oil_Ile-de-France_Paris
French_Oil_Normandy_Calvados_(n=5),French_Oil_Normandy_Calvados
French_Oil_Normandy_Eure_(n=1),French_Oil_Normandy_Eure
French_Oil_Normandy_Manche_(n=10),French_Oil_Normandy_Manche
French_Oil_Normandy_Orne_(n=1),French_Oil_Normandy_Orne
French_Oil_Normandy_Seine-Maritime_(n=16),French_Oil_Normandy_Seine-Maritime
French_Oil_Nouvelle-Aquitaine_Charente-Maritime_(n=2),French_Oil_Nouvelle-Aquitaine_Charente-Maritime
French_Oil_Nouvelle-Aquitaine_Deux-Sevres_(n=2),French_Oil_Nouvelle-Aquitaine_Deux-Sevres
French_Oil_Pays_de_la_Loire_Maine-et-Loire_(n=4),French_Oil_Pays_de_la_Loire_Maine-et-Loire
French_Oil_Pays_de_la_Loire_Sarthe_(n=1),French_Oil_Pays_de_la_Loire_Sarthe
French_Oil_Pays_de_la_Loire_Vendee_(n=6),French_Oil_Pays_de_la_Loire_Vendee
Frisian_Netherlands_(n=10),Frisian_Netherlands
Frisian_Netherlands_o2_(n=2),Frisian_Netherlands
Fulani_Burkina_Faso_A_(n=6),Fulani_Burkina_Faso_A
Fulani_Burkina_Faso_B_(n=49),Fulani_Burkina_Faso_B
Fulani_Cameroon_(n=2),Fulani_Cameroon
Fulani_Gambia_A_(n=99),Fulani_Gambia_A
Fulani_Gambia_B_(n=73),Fulani_Gambia_B
Fulani_Guinea_A_(n=17),Fulani_Guinea_A
Fulani_Guinea_B_(n=10),Fulani_Guinea_B
Fulani_Senegal_(n=25),Fulani_Senegal
Gagauz_(n=9),Gagauz
Ganguela_(n=6),Ganguela
Garhwali_Rajput_(n=1),Garhwali_Rajput
Garo_(n=2),Garo
Gaud_Saraswat_Brahmin_(n=2),Gaud_Saraswat_Brahmin
Gelao_Guangxi_Longlin_(n=8),Gelao_Guangxi_Longlin
Gelao_Guizhou_Wuchuan_(n=47),Gelao_Guizhou_Wuchuan
Georgian_Adjarian_(n=3),Georgian_Adjarian
Georgian_Gurian_(n=3),Georgian_Gurian
Georgian_Imeretian_(n=11),Georgian_Imeretian
Georgian_Javakhian_(n=1),Georgian_Javakhian
Georgian_Jew_(n=11),Georgian_Jew
Georgian_Kakhetian_(n=5),Georgian_Kakhetian
Georgian_Kartlian_(n=6),Georgian_Kartlian
Georgian_Khevsurian_(n=4),Georgian_Khevsurian
Georgian_Lechkhumian_(n=1),Georgian_Lechkhumian
Georgian_Meskhian_(n=5),Georgian_Meskhian
Georgian_Mtiuletian_(n=1),Georgian_Mtiuletian
Georgian_Northeast_(n=2),Georgian_Northeast
Georgian_Rachan_(n=1),Georgian_Rachan
Georgian_Tbilisi_(n=7),Georgian_Tbilisi
Georgian_Tushetian_(n=5),Georgian_Tushetian
Georgian_West_(n=10),Georgian_West
German_(n=111),German
German_Baden-Wurttemberg_Ellwangen_(n=22),German_Baden-Wurttemberg_Ellwangen
German_Baden-Wurttemberg_Ellwangen_o_(n=1),German_Baden-Wurttemberg_Ellwangen
German_Bavaria_Middle_Franconia_Erlangen_(n=64),German_Bavaria_Middle_Franconia_Erlangen
German_Bavaria_Middle_Franconia_Erlangen_o1_(n=2),German_Bavaria_Middle_Franconia_Erlangen
German_Bavaria_Middle_Franconia_Erlangen_o2_(n=1),German_Bavaria_Middle_Franconia_Erlangen
German_East_(n=14),German_East
German_Hamburg_(n=16),German_Hamburg
German_Hamburg_o_(n=1),German_Hamburg
German_Lower_Saxony_(n=1),German_Lower_Saxony
German_Lower_Silesia_(n=2),German_Lower_Silesia
German_Mecklenburg_(n=5),German_Mecklenburg
German_North_(n=1),German_North
German_North_Bohemia_(n=1),German_North_Bohemia
German_North_Rhine-Westphalia_(n=1),German_North_Rhine-Westphalia
German_Saxony_Leipzig_(n=8),German_Saxony_Leipzig
German_Saxony-Anhalt_(n=1),German_Saxony-Anhalt
German_Thuringia_(n=1),German_Thuringia
Gilak_(n=3),Gilak
Godoberi_(n=18),Godoberi
Gond_(n=17),Gond
Greek_Armenian_Highland_Erzurum_(n=6),Greek_Armenian_Highland_Erzurum
Greek_Armenian_Highland_Kars_(n=1),Greek_Armenian_Highland_Kars
Greek_Cappadocia_Kaisareia_(n=11),Greek_Cappadocia_Kaisareia
Greek_Cappadocia_Nigdi_(Karamanli)_(n=1),Greek_Cappadocia_Nigdi_(Karamanli)
Greek_Central_Anatolia_(n=1),Greek_Central_Anatolia
Greek_Central_Greece_(n=4),Greek_Central_Greece
Greek_Central_Greece_Phocis_(n=3),Greek_Central_Greece_Phocis
Greek_Central_Greece_Phthiotis_(n=2),Greek_Central_Greece_Phthiotis
Greek_Central_Macedonia_(n=38),Greek_Central_Macedonia
Greek_Crete_(n=12),Greek_Crete
Greek_Crete_Chania_(n=3),Greek_Crete_Chania
Greek_Crete_Heraklion_(n=92),Greek_Crete_Heraklion
Greek_Crete_Lasithi_(n=6),Greek_Crete_Lasithi
Greek_Crete_Muslim_(Cretan_Turk)_(n=5),Greek_Crete_Muslim_(Cretan_Turk)
Greek_Crete_Rethymno_(n=20),Greek_Crete_Rethymno
Greek_Cyclades_Amorgos_(n=2),Greek_Cyclades_Amorgos
Greek_Cyclades_Kea_(n=2),Greek_Cyclades_Kea
Greek_Cyclades_Milos_(n=2),Greek_Cyclades_Milos
Greek_Cyclades_Tinos_(n=2),Greek_Cyclades_Tinos
Greek_Cyprus_(n=40),Greek_Cyprus
Greek_Dodecanese_Kos_(n=9),Greek_Dodecanese_Kos
Greek_Dodecanese_Rhodes_(n=15),Greek_Dodecanese_Rhodes
Greek_Dodecanese_Rhodes_o_(n=2),Greek_Dodecanese_Rhodes
Greek_Eastern_Macedonia_and_Thrace_(n=9),Greek_Eastern_Macedonia_and_Thrace
Greek_Eastern_Rumelia/Northern_Thrace_(n=14),Greek_Eastern_Rumelia/Northern_Thrace
Greek_Epirus_(n=4),Greek_Epirus
Greek_Euboea_(n=2),Greek_Euboea
Greek_Euboea_Central_(n=2),Greek_Euboea_Central
Greek_Heptanese_Corfu_(n=1),Greek_Heptanese_Corfu
Greek_Italy_Apulia_(n=10),Greek_Italy_Apulia
Greek_Lycaonia_Ikonio_(n=1),Greek_Lycaonia_Ikonio
Greek_Peloponnese_Achaea_(n=25),Greek_Peloponnese_Achaea
Greek_Peloponnese_Arcadia_(n=34),Greek_Peloponnese_Arcadia
Greek_Peloponnese_Arcadia_o_(n=1),Greek_Peloponnese_Arcadia
Greek_Peloponnese_Argolis_(n=17),Greek_Peloponnese_Argolis
Greek_Peloponnese_Corinthia_(n=15),Greek_Peloponnese_Corinthia
Greek_Peloponnese_Elis_(n=24),Greek_Peloponnese_Elis
Greek_Peloponnese_Laconia_(n=1),Greek_Peloponnese_Laconia
Greek_Peloponnese_Laconia_Deep_Mani_(n=22),Greek_Peloponnese_Laconia_Deep_Mani
Greek_Peloponnese_Laconia_Eurotas_(n=6),Greek_Peloponnese_Laconia_Eurotas
Greek_Peloponnese_Laconia_Monemvasia_(n=12),Greek_Peloponnese_Laconia_Monemvasia
Greek_Peloponnese_Laconia_Sparta_(n=12),Greek_Peloponnese_Laconia_Sparta
Greek_Peloponnese_Laconia_Vardounia/East_Taygetos_(n=23),Greek_Peloponnese_Laconia_Vardounia/East_Taygetos
Greek_Peloponnese_Messenia_(n=28),Greek_Peloponnese_Messenia
Greek_Peloponnese_Messenia_Outer_Mani_(n=25),Greek_Peloponnese_Messenia_Outer_Mani
Greek_Peloponnese_Tsakonia_Inland_(n=9),Greek_Peloponnese_Tsakonia_Inland
Greek_Peloponnese_Tsakonia_Littoral_(n=15),Greek_Peloponnese_Tsakonia_Littoral
Greek_Pontus_(n=21),Greek_Pontus
Greek_Thessaly_(n=12),Greek_Thessaly
Greek_Western_Anatolia_Phokaia_(n=1),Greek_Western_Anatolia_Phokaia
Greek_Western_Anatolia_Smyrna_(n=9),Greek_Western_Anatolia_Smyrna
Greek_Western_Macedonia_Muslim_(Vallahas/Patriyot)_(n=1),Greek_Western_Macedonia_Muslim_(Vallahas/Patriyot)
Greenlander_East_(n=4),Greenlander_East
Greenlander_East_(European-Mixed)_(n=5),Greenlander_East_(European-Mixed)
Greenlander_West_(n=2),Greenlander_West
Greenlander_West_(European-Mixed)_(n=7),Greenlander_West_(European-Mixed)
Gujar_Kashmir_(n=8),Gujar_Kashmir
Gujar_Khyber_Pakhtunkhwa_(n=16),Gujar_Khyber_Pakhtunkhwa
Gujar_Rajasthan_(n=16),Gujar_Rajasthan
Gujarati_(n=107),Gujarati
Gujarati_Bania_(n=1),Gujarati_Bania
Gujarati_Brahmin_(n=18),Gujarati_Brahmin
Gujarati_Brahmin_Audichya_(n=1),Gujarati_Brahmin_Audichya
Gujarati_Brahmin_Bardai_(n=2),Gujarati_Brahmin_Bardai
Gujarati_Brahmin_Nagar_(n=2),Gujarati_Brahmin_Nagar
Gujarati_Brahmin_o_(n=2),Gujarati_Brahmin
Gujarati_Koli_(n=1),Gujarati_Koli
Gujarati_Muslim_Ismaili_(n=1),Gujarati_Muslim_Ismaili
Gujarati_Muslim_Nagori_(n=1),Gujarati_Muslim_Nagori
Gujarati_Muslim_Sunni_Bharuchi_(n=4),Gujarati_Muslim_Sunni_Bharuchi
Gujarati_Patel_(n=1),Gujarati_Patel
Gumuz_Ethiopia_(n=6),Gumuz_Ethiopia
Gurung_(n=5),Gurung
Hadza_(n=5),Hadza
Hai||om_(n=8),Hai||om
Hakkipikki_(n=3),Hakkipikki
Han_Beijing_(Central_China_Profile)_(low_res)_(n=12),Han_Beijing
Han_Beijing_(Northern_China_Profile)_(n=4),Han_Beijing
Han_Beijing_(Northern_China_Profile)_(low_res)_(n=25),Han_Beijing
Han_Beijing_(Southern_China_Profile)_(low_res)_(n=4),Han_Beijing
Han_Chongqing_(n=3),Han_Chongqing
Han_Fujian_Fuzhou_(n=5),Han_Fujian_Fuzhou
Han_Guangdong_(n=15),Han_Guangdong
Han_Guangdong_Guangzhou_(n=7),Han_Guangdong_Guangzhou
Han_Guangxi_Chongzuo_(n=3),Han_Guangxi_Chongzuo
Han_Guangxi_Chongzuo_o_(n=2),Han_Guangxi_Chongzuo
Han_Guangxi_Fusui_(n=1),Han_Guangxi_Fusui
Han_Guangxi_Guigang_(n=4),Han_Guangxi_Guigang
Han_Guangxi_Guigang_o_(n=2),Han_Guangxi_Guigang
Han_Guangxi_Hechi_(n=3),Han_Guangxi_Hechi
Han_Guangxi_Hechi_o1_(n=2),Han_Guangxi_Hechi
Han_Guangxi_Hechi_o2_(n=1),Han_Guangxi_Hechi
Han_Guangxi_Jingxi_(n=3),Han_Guangxi_Jingxi
Han_Guangxi_Jingxi_o_(n=2),Han_Guangxi_Jingxi
Han_Guangxi_Laibin_(n=4),Han_Guangxi_Laibin
Han_Guangxi_Tianlin_(n=3),Han_Guangxi_Tianlin
Han_Guangxi_Tianlin_o_(n=2),Han_Guangxi_Tianlin
Han_Guangxi_Tianyang_(n=3),Han_Guangxi_Tianyang
Han_Guangxi_Tianyang_o_(n=2),Han_Guangxi_Tianyang
Han_Guizhou_Guiyang_(n=14),Han_Guizhou_Guiyang
Han_Henan_Pingqiao_(n=10),Han_Henan_Pingqiao
Han_Henan_Pingqiao_o_(n=5),Han_Henan_Pingqiao
Han_Henan_Zhengzhou_(n=5),Han_Henan_Zhengzhou
Han_Hubei_Wuhan_(n=5),Han_Hubei_Wuhan
Han_Jiangsu_Nanjing_(n=7),Han_Jiangsu_Nanjing
Han_Shandong_Jinan_(n=9),Han_Shandong_Jinan
Han_Shanghai_(n=3),Han_Shanghai
Han_Shanxi_Taiyuan_(n=8),Han_Shanxi_Taiyuan
Han_Sichuan_Chengdu_(n=7),Han_Sichuan_Chengdu
Han_Yunnan_Guangnan_(n=3),Han_Yunnan_Guangnan
Han_Yunnan_Qiubei_(n=6),Han_Yunnan_Qiubei
Han_Yunnan_Wenshan_(n=5),Han_Yunnan_Wenshan
Han_Yunnan_Wenshan_o_(n=2),Han_Yunnan_Wenshan
Han_Zhejiang_Hangzhou_(n=5),Han_Zhejiang_Hangzhou
Hani_(n=15),Hani
Haryanvi_Jatt_(n=7),Haryanvi_Jatt
Hausa_(n=4),Hausa
Hawaiian_o_(n=1),Hawaiian
Hazara_Afghanistan_(n=4),Hazara_Afghanistan
Hazara_Pakistan_(n=17),Hazara_Pakistan
Hema_(low_res)_(n=15),Hema
Herero_Namibia_(n=7),Herero_Namibia
Hezhen_(n=5),Hezhen
Hima_(n=2),Hima
Himachali_Brahmin_(n=2),Himachali_Brahmin
Himachali_Rajput_(n=1),Himachali_Rajput
Hinukh_(n=17),Hinukh
Hinukh_o_(n=1),Hinukh
Hmar_(n=4),Hmar
Hmong_Thailand_(n=10),Hmong_Thailand
Ho_(n=21),Ho
Htin_Mal_(n=10),Htin_Mal
Huambisa_(n=5),Huambisa
Hui_Gansu_(n=21),Hui_Gansu
Hui_Gansu_o_(n=3),Hui_Gansu
Hui_Guizhou_(n=45),Hui_Guizhou
Huichol_(n=1),Huichol
Hungarian_(n=22),Hungarian
Hunzib_(n=17),Hunzib
Hutu_Burundi_(n=1),Hutu_Burundi
Iban_(low_res)_(n=25),Iban
Icelandic_(n=12),Icelandic
Igbo_(n=4),Igbo
Igorot_Kankanaey_(n=21),Igorot_Kankanaey
Indian_South_(n=27),Indian_South
Indo-Trinidadian_(n=3),Indo-Trinidadian
Ingrian_(n=20),Ingrian
Ingrian_o_(n=1),Ingrian
Ingushian_(n=10),Ingushian
Iranian_Arab_Khuzestan_(n=8),Iranian_Arab_Khuzestan
Iranian_Jew_(n=15),Iranian_Jew
Iraqi_Arab_(Arabian-Mixed_Profile)_(n=3),Iraqi_Arab
Iraqi_Arab_(Mesopotamian_Arab_Profile)_(n=22),Iraqi_Arab
Iraqi_Arab_(South_Asian+SSA-Mixed_Profile)_(n=2),Iraqi_Arab
Iraqi_Arab_(Syrio-Mesopotamian_Arab_Profile)_(n=15),Iraqi_Arab
Iraqi_Arab_Anbar_(Syrio-Mesopotamian_Arab_Profile)_(n=2),Iraqi_Arab_Anbar
Iraqi_Arab_Baghdad_(Irano-Mesopotamian_Profile)_(n=1),Iraqi_Arab_Baghdad
Iraqi_Arab_Baghdad_(Mesopotamian_Arab_Profile)_(n=3),Iraqi_Arab_Baghdad
Iraqi_Arab_Basra_(Mesopotamian_Arab_Profile)_(n=3),Iraqi_Arab_Basra
Iraqi_Arab_Dhi_Qar_(Arabian-Mixed_Profile)_(n=2),Iraqi_Arab_Dhi_Qar
Iraqi_Arab_Nineveh_(Arabian-Mixed_Profile)_(n=2),Iraqi_Arab_Nineveh
Iraqi_Arab_Nineveh_(Syrio-Mesopotamian_Arab_Profile)_(n=2),Iraqi_Arab_Nineveh
Iraqi_Arab_Saladin_(Irano-Mesopotamian_Profile)_(n=2),Iraqi_Arab_Saladin
Iraqi_Arab_South_(Arabian-Mixed_Profile)_(n=1),Iraqi_Arab_South
Iraqi_Arab_South_(Mesopotamian_Arab_Profile)_(n=4),Iraqi_Arab_South
Iraqi_Arab_South_(SSA-Mixed_Profile)_(n=1),Iraqi_Arab_South
Iraqi_Arab_West_(Irano-Mesopotamian_Profile)_(n=1),Iraqi_Arab_West
Iraqi_Arab_West_(Mesopotamian_Pre-Islamic_Profile)_(n=1),Iraqi_Arab_West
Iraqi_Jew_(n=10),Iraqi_Jew
Iraqw_(n=2),Iraqw
Irish_(n=105),Irish
Irish_Ulster_(n=2),Irish_Ulster
Irula_(n=44),Irula
Italian_Abruzzo_(Abruzzese)_(n=19),Italian_Abruzzo_(Abruzzese)
Italian_Aosta_Valley_(Valdotain)_(n=24),Italian_Aosta_Valley_(Valdotain)
Italian_Apulia_(Apulian)_(n=228),Italian_Apulia_(Apulian)
Italian_Apulia_(Salentine)_(n=1),Italian_Apulia_(Salentine)
Italian_Basilicata_(Lucanian)_(n=10),Italian_Basilicata_(Lucanian)
Italian_Calabria_(Calabrese)_(n=4),Italian_Calabria_(Calabrese)
Italian_Calabria_(Cosentian)_(n=3),Italian_Calabria_(Cosentian)
Italian_Calabria_(Cosentian)_o1_(n=1),Italian_Calabria_(Cosentian)
Italian_Calabria_Reggio_Calabria_(Calabrese)_(n=9),Italian_Calabria_Reggio_Calabria_(Calabrese)
Italian_Campania_(Campanian)_(n=14),Italian_Campania_(Campanian)
Italian_Campania_Benevento_(Campanian)_(n=1),Italian_Campania_Benevento_(Campanian)
Italian_Campania_Naples_(Campanian)_(n=13),Italian_Campania_Naples_(Campanian)
Italian_Campania_Salerno_(Campanian)_(n=1),Italian_Campania_Salerno_(Campanian)
Italian_Carloforte_(Ligurian)_(n=25),Italian_Carloforte_(Ligurian)
Italian_Emilia_(Emilian)_(n=8),Italian_Emilia_(Emilian)
Italian_Friuli_(Friulian)_(n=18),Italian_Friuli_(Friulian)
Italian_Friuli_o_(n=1),Italian_Friuli
Italian_Friuli_Sappada_(Bavarian)_(n=27),Italian_Friuli_Sappada_(Bavarian)
Italian_Friuli_Sauris_(Bavarian)_(n=11),Italian_Friuli_Sauris_(Bavarian)
Italian_Friuli_Timau_(Bavarian)_(n=31),Italian_Friuli_Timau_(Bavarian)
Italian_Friuli_Timau_(Bavarian)_o_(n=1),Italian_Friuli_Timau_(Bavarian)
Italian_Lazio_(Lazian)_(n=5),Italian_Lazio_(Lazian)
Italian_Liguria_(Ligurian)_(n=1),Italian_Liguria_(Ligurian)
Italian_Lombardy_(Lombard)_(n=10),Italian_Lombardy_(Lombard)
Italian_Lombardy_Bergamo_(Lombard)_(n=6),Italian_Lombardy_Bergamo_(Lombard)
Italian_Marche_(Marchigiano)_(n=18),Italian_Marche_(Marchigiano)
Italian_Marche_Ascoli_Piceno_(Abruzzese)_(n=2),Italian_Marche_Ascoli_Piceno_(Abruzzese)
Italian_Molise_(Molisan)_(n=2),Italian_Molise_(Molisan)
Italian_Piedmont_(Piedmontese)_(n=2),Italian_Piedmont_(Piedmontese)
Italian_Piedmont_Cuneo_(Occitan_or_Piedmontese)_(n=1),Italian_Piedmont_Cuneo_(Occitan_or_Piedmontese)
Italian_Piedmont_Domodossola_(Lombard)_(n=1),Italian_Piedmont_Domodossola_(Lombard)
Italian_Piedmont_Val_Borbera_(Ligurian)_(n=10),Italian_Piedmont_Val_Borbera_(Ligurian)
Italian_Trentino_(n=7),Italian_Trentino
Italian_Trentino_(Trentino_or_Ladin)_(n=1),Italian_Trentino_(Trentino_or_Ladin)
Italian_Trentino_(Trentino_or_Venetian)_(n=1),Italian_Trentino_(Trentino_or_Venetian)
Italian_Trentino_o_(n=1),Italian_Trentino
Italian_Tuscany_(Tuscan)_(n=23),Italian_Tuscany_(Tuscan)
Italian_Tuscany_Lunigiana_(Emilian)_(n=1),Italian_Tuscany_Lunigiana_(Emilian)
Italian_Umbria_(Umbrian)_(n=14),Italian_Umbria_(Umbrian)
Italian_Veneto_(Venetian)_(n=21),Italian_Veneto_(Venetian)
Italian_Veneto_Lessinia_(Cimbrian)_(n=36),Italian_Veneto_Lessinia_(Cimbrian)
Italki_(Italian_Jew)_(n=9),Italki_(Italian_Jew)
Italki_(Italian_Jew)_o_(n=1),Italki_(Italian_Jew)
Itelmen_(n=7),Itelmen
Japanese_(n=200),Japanese
Jarawa_(n=19),Jarawa
Javanese_(n=22),Javanese
Jehai_(n=2),Jehai
Jingpo_China_(n=21),Jingpo_China
Jingpo_China_o1_(n=1),Jingpo_China
Jingpo_China_o2_(n=1),Jingpo_China
Jingpo_China_o3_(n=1),Jingpo_China
Jola_Gambia_(n=114),Jola_Gambia
Jordanian_Arab_Christian_(n=15),Jordanian_Arab_Christian
Jordanian_Arab_Muslim_(n=38),Jordanian_Arab_Muslim
Ju/'hoansi_(n=22),Ju/'hoansi
Juang_(n=1),Juang
Kaba_(n=2),Kaba
Kadar_(n=20),Kadar
Kaitag_(n=8),Kaitag
Kakwa_(n=3),Kakwa
Kalash_(n=23),Kalash
Kalmyk_(n=5),Kalmyk
Kambera_Rindi_(n=3),Kambera_Rindi
Kambera_Wunga_(n=26),Kambera_Wunga
Kanjar_(n=3),Kanjar
Kannadi_Brahmin_Karnataka_(n=1),Kannadi_Brahmin_Karnataka
Kapu_(n=2),Kapu
Karachay_(n=24),Karachay
Karaite_Jew_Egypt_(n=2),Karaite_Jew_Egypt
Karaite_Jew_Iraq_(n=1),Karaite_Jew_Iraq
Karakalpak_(n=19),Karakalpak
Karata_(Ciscaucasian_Profile)_(n=7),Karata
Karata_(Ciscaucasian_Profile)_o_(n=1),Karata
Karata_(Transcaucasian_Profile)_(n=10),Karata
Karelian_(n=19),Karelian
Karelian_Northern_(n=11),Karelian_Northern
Karelian_Southeast_(Ludic)_(n=4),Karelian_Southeast_(Ludic)
Karelian_Southern_(n=8),Karelian_Southern
Karelian_Southwest_(Livvi)_(n=4),Karelian_Southwest_(Livvi)
Karelian_Southwest_(Livvi)_o_(n=1),Karelian_Southwest_(Livvi)
Karelian_Tver_(n=11),Karelian_Tver
Karen_S'gaw_Thailand_(n=10),Karen_S'gaw_Thailand
Karitiana_(n=7),Karitiana
Kashmiri_Muslim_(n=17),Kashmiri_Muslim
Kashmiri_Muslim_o_(n=2),Kashmiri_Muslim
Kashmiri_Muslim_Srinagar_(n=15),Kashmiri_Muslim_Srinagar
Kashmiri_Pandit_(n=3),Kashmiri_Pandit
Kashubian_(n=2),Kashubian
Kassena_Ghana_(n=50),Kassena_Ghana
Kazakh_(n=20),Kazakh
Kazakh_Gansu_(n=8),Kazakh_Gansu
Kazakh_Kazakhstan_(n=12),Kazakh_Kazakhstan
Kazakh_Kazakhstan_West_(n=3),Kazakh_Kazakhstan_West
Kazakh_Russia_Omsk_(n=6),Kazakh_Russia_Omsk
Kazakh_Xinjiang_(n=10),Kazakh_Xinjiang
Kenyan_Bantu_(n=2),Kenyan_Bantu
Ket_(n=35),Ket
Ket_o1_(n=3),Ket
Ket_o2_(n=3),Ket
Khakass_(n=3),Khakass
Khakass_Kachins_(n=7),Khakass_Kachins
Khakass_Koibals_(n=5),Khakass_Koibals
Khakass_Kyzils_(n=4),Khakass_Kyzils
Khakass_Sagai_(n=7),Khakass_Sagai
Khamnegan_(n=8),Khamnegan
Khamnegan_o_(n=2),Khamnegan
Khanty_(n=21),Khanty
Khanty_Obdorsk_(n=12),Khanty_Obdorsk
Khanty_Obdorsk_o1_(n=4),Khanty_Obdorsk
Khanty_Obdorsk_o2_(n=1),Khanty_Obdorsk
Khas_Brahmin_Nepal_(n=26),Khas_Brahmin_Nepal
Khas_Dalit_Damai_Nepal_(n=2),Khas_Dalit_Damai_Nepal
Khas_Nepal_(Dalit_Profile)_(n=2),Khas_Nepal
Khas_Nepal_(Kshatriya_Profile)_(n=5),Khas_Nepal
Khmer_Cambodia_(low_res)_(n=5),Khmer_Cambodia
Khmer_Thailand_(n=10),Khmer_Thailand
Kho_(n=3),Kho
Khomani_San_(n=2),Khomani_San
Khonda_Dora_(n=1),Khonda_Dora
Kikuyu_(n=6),Kikuyu
Kinh_(n=21),Kinh
Kohistani_(n=30),Kohistani
Koinanbe_(n=1),Koinanbe
Kol_(n=3),Kol
Kom_(n=2),Kom
Komi_(n=10),Komi
Komi_Zyrian_Siberia_(n=7),Komi_Zyrian_Siberia
Komi_Zyrian_Siberia_(Mordovian_Profile)_(n=1),Komi_Zyrian_Siberia
Komi_Zyrian_Siberia_(Nenets_Profile)_(n=1),Komi_Zyrian_Siberia
Komi_Zyrian_Siberia_(Ob-Ugric_Profile)_(n=3),Komi_Zyrian_Siberia
Komi_Zyrian_Siberia_o_(n=3),Komi_Zyrian_Siberia
Kongo_Republic_of_the_Congo_(n=2),Kongo_Republic_of_the_Congo
Konkani_Christian_Catholic_(n=5),Konkani_Christian_Catholic
Konkani_Christian_Catholic_o_(n=4),Konkani_Christian_Catholic
Korean_(n=56),Korean
Korean_Yanbian_Antu_(n=18),Korean_Yanbian_Antu
Korwa_(n=18),Korwa
Koryak_(n=13),Koryak
Koryak_(European-Mixed)_(n=2),Koryak_(European-Mixed)
Kosipe_(n=1),Kosipe
Kubachinian_(n=6),Kubachinian
Kuban_Cossack_(n=1),Kuban_Cossack
Kuki_(n=6),Kuki
Kumaoni_Brahmin_(n=1),Kumaoni_Brahmin
Kumyk_(n=27),Kumyk
Kumyk_Stalskoe_(low_res)_(n=5),Kumyk_Stalskoe
Kurdish_(n=14),Kurdish
Kurdish_Feyli_(n=8),Kurdish_Feyli
Kurdish_Iran_Kermanshah_(n=3),Kurdish_Iran_Kermanshah
Kurdish_Iraq_(n=7),Kurdish_Iraq
Kurdish_Jew_(n=8),Kurdish_Jew
Kurdish_Kurmanji_Azerbaijan_(n=3),Kurdish_Kurmanji_Azerbaijan
Kurdish_Kurmanji_Iran_West_Azerbaijan_Urmia_(n=2),Kurdish_Kurmanji_Iran_West_Azerbaijan_Urmia
Kurdish_Kurmanji_Iraq_(n=1),Kurdish_Kurmanji_Iraq
Kurdish_Kurmanji_Iraq_Duhok_(n=6),Kurdish_Kurmanji_Iraq_Duhok
Kurdish_Kurmanji_Syria_(n=1),Kurdish_Kurmanji_Syria
Kurdish_Kurmanji_Syria_Afrin_(n=16),Kurdish_Kurmanji_Syria_Afrin
Kurdish_Kurmanji_Syria_Al-Hasakah_(n=6),Kurdish_Kurmanji_Syria_Al-Hasakah
Kurdish_Kurmanji_Syria_Qamishli_(n=9),Kurdish_Kurmanji_Syria_Qamishli
Kurdish_Kurmanji_Turkey_(n=19),Kurdish_Kurmanji_Turkey
Kurdish_Kurmanji_Turkey_Adiyaman_(n=4),Kurdish_Kurmanji_Turkey_Adiyaman
Kurdish_Kurmanji_Turkey_Ankara_(n=4),Kurdish_Kurmanji_Turkey_Ankara
Kurdish_Kurmanji_Turkey_Ardahan_(n=2),Kurdish_Kurmanji_Turkey_Ardahan
Kurdish_Kurmanji_Turkey_Bingol_(n=3),Kurdish_Kurmanji_Turkey_Bingol
Kurdish_Kurmanji_Turkey_Bitlis_(n=4),Kurdish_Kurmanji_Turkey_Bitlis
Kurdish_Kurmanji_Turkey_Corum_(n=5),Kurdish_Kurmanji_Turkey_Corum
Kurdish_Kurmanji_Turkey_Dersim_(n=9),Kurdish_Kurmanji_Turkey_Dersim
Kurdish_Kurmanji_Turkey_Diyarbakir_(n=9),Kurdish_Kurmanji_Turkey_Diyarbakir
Kurdish_Kurmanji_Turkey_Elazig_(n=6),Kurdish_Kurmanji_Turkey_Elazig
Kurdish_Kurmanji_Turkey_Erzincan_(n=5),Kurdish_Kurmanji_Turkey_Erzincan
Kurdish_Kurmanji_Turkey_Gumushane_(n=5),Kurdish_Kurmanji_Turkey_Gumushane
Kurdish_Kurmanji_Turkey_Hakkari_(n=3),Kurdish_Kurmanji_Turkey_Hakkari
Kurdish_Kurmanji_Turkey_Igdir_(n=3),Kurdish_Kurmanji_Turkey_Igdir
Kurdish_Kurmanji_Turkey_Kahramanmaras_(n=23),Kurdish_Kurmanji_Turkey_Kahramanmaras
Kurdish_Kurmanji_Turkey_Kayseri_(n=5),Kurdish_Kurmanji_Turkey_Kayseri
Kurdish_Kurmanji_Turkey_Konya_(n=29),Kurdish_Kurmanji_Turkey_Konya
Kurdish_Kurmanji_Turkey_Malatya_(n=24),Kurdish_Kurmanji_Turkey_Malatya
Kurdish_Kurmanji_Turkey_Mardin_(n=17),Kurdish_Kurmanji_Turkey_Mardin
Kurdish_Kurmanji_Turkey_o_(n=1),Kurdish_Kurmanji_Turkey
Kurdish_Kurmanji_Turkey_Sanliurfa_(n=8),Kurdish_Kurmanji_Turkey_Sanliurfa
Kurdish_Kurmanji_Turkey_Siirt_(n=2),Kurdish_Kurmanji_Turkey_Siirt
Kurdish_Kurmanji_Turkey_Sivas_(n=7),Kurdish_Kurmanji_Turkey_Sivas
Kurdish_Kurmanji_Turkey_Van_(n=2),Kurdish_Kurmanji_Turkey_Van
Kurdish_Sorani_Iran_Kermanshah_(n=2),Kurdish_Sorani_Iran_Kermanshah
Kurdish_Sorani_Iran_Kordestan_(n=6),Kurdish_Sorani_Iran_Kordestan
Kurdish_Sorani_Iran_West_Azerbaijan_(n=8),Kurdish_Sorani_Iran_West_Azerbaijan
Kurdish_Sorani_Iraq_Erbil_(n=6),Kurdish_Sorani_Iraq_Erbil
Kurdish_Sorani_Iraq_Sulaymaniyah_(n=13),Kurdish_Sorani_Iraq_Sulaymaniyah
Kurdish_Turkey_Dersim_(n=6),Kurdish_Turkey_Dersim
Kurdish_Zaza_(n=10),Kurdish_Zaza
Kurdish_Zaza_Bingol_(n=5),Kurdish_Zaza_Bingol
Kurdish_Zaza_Dersim_(n=21),Kurdish_Zaza_Dersim
Kurdish_Zaza_Diyarbakir_(n=8),Kurdish_Zaza_Diyarbakir
Kurdish_Zaza_Elazig_(n=7),Kurdish_Zaza_Elazig
Kurdish_Zaza_Erzincan_(n=9),Kurdish_Zaza_Erzincan
Kurdish_Zaza_Mardin_(n=2),Kurdish_Zaza_Mardin
Kurdish_Zaza_Mus_(n=2),Kurdish_Zaza_Mus
Kurdish_Zaza_Sanliurfa_(n=3),Kurdish_Zaza_Sanliurfa
Kurichiya_Brahmin_(n=1),Kurichiya_Brahmin
Kurumba_(n=2),Kurumba
Kusunda_(n=7),Kusunda
Kuwaiti_Arab_(n=2),Kuwaiti_Arab
Kuwaiti_Arab_Al-Awazem_(n=4),Kuwaiti_Arab_Al-Awazem
Kuy_Thailand_(n=10),Kuy_Thailand
Kwangali_Namibia_(n=8),Kwangali_Namibia
Kyrgyz_(n=68),Kyrgyz
Kyrgyz_Bishkek_(n=15),Kyrgyz_Bishkek
Kyrgyz_China_(n=13),Kyrgyz_China
Kyrgyz_o1_(n=4),Kyrgyz
Kyrgyz_o2_(n=2),Kyrgyz
Kyrgyz_Tajikistan_(n=4),Kyrgyz_Tajikistan
Laal_(n=1),Laal
Lahu_(n=19),Lahu
Lahu_o_(n=1),Lahu
Lak_(n=53),Lak
Lak_Iran_(n=3),Lak_Iran
Lak_Iraq_(n=1),Lak_Iraq
Lak_o_(n=2),Lak
Lak_Turkey_(n=3),Lak_Turkey
Laka_(n=2),Laka
Lamaholot_Flores_Bama_(n=28),Lamaholot_Flores_Bama
Lamaholot_Lembata_Hadakewa_(n=27),Lamaholot_Lembata_Hadakewa
Lao_(n=33),Lao
Latvian_(n=7),Latvian
Lawa_(n=9),Lawa
Lawa_o_(n=1),Lawa
Laz_(n=21),Laz
Lebanese_Arab_Christian_(n=25),Lebanese_Arab_Christian
Lebanese_Arab_Christian_Dinniyeh_(n=52),Lebanese_Arab_Christian_Dinniyeh
Lebanese_Arab_Christian_Greek_Orthodox_(n=2),Lebanese_Arab_Christian_Greek_Orthodox
Lebanese_Arab_Christian_Greek_Orthodox_Akkar_(n=2),Lebanese_Arab_Christian_Greek_Orthodox_Akkar
Lebanese_Arab_Christian_Greek_Orthodox_Beirut_(n=43),Lebanese_Arab_Christian_Greek_Orthodox_Beirut
Lebanese_Arab_Christian_Greek_Orthodox_Koura_(n=74),Lebanese_Arab_Christian_Greek_Orthodox_Koura
Lebanese_Arab_Christian_Greek_Orthodox_Zgharta_(n=1),Lebanese_Arab_Christian_Greek_Orthodox_Zgharta
Lebanese_Arab_Christian_Maronite_(n=6),Lebanese_Arab_Christian_Maronite
Lebanese_Arab_Christian_Maronite_Zgharta_(n=183),Lebanese_Arab_Christian_Maronite_Zgharta
Lebanese_Arab_Christian_Melkite_Greek_Catholic_(n=1),Lebanese_Arab_Christian_Melkite_Greek_Catholic
Lebanese_Arab_Muslim_(n=12),Lebanese_Arab_Muslim
Lebanese_Arab_Muslim_Shia_(n=11),Lebanese_Arab_Muslim_Shia
Lebanese_Arab_Muslim_Shia_Beirut_(n=28),Lebanese_Arab_Muslim_Shia_Beirut
Lebanese_Arab_Muslim_Shia_Beirut_(SSA-Mixed_Profile)_(n=1),Lebanese_Arab_Muslim_Shia_Beirut
Lebanese_Arab_Muslim_Shia_Nabatieh_(n=2),Lebanese_Arab_Muslim_Shia_Nabatieh
Lebanese_Arab_Muslim_Sunni_Beirut_(n=32),Lebanese_Arab_Muslim_Sunni_Beirut
Lebanese_Arab_Muslim_Sunni_Beirut_(SSA-Mixed_Profile)_(n=5),Lebanese_Arab_Muslim_Sunni_Beirut
Lebanese_Arab_Muslim_Sunni_Dinniyeh_(n=6),Lebanese_Arab_Muslim_Sunni_Dinniyeh
Lebanese_Arab_Muslim_Sunni_Koura_(n=2),Lebanese_Arab_Muslim_Sunni_Koura
Lebanese_Arab_Muslim_Sunni_Tripoli_(n=8),Lebanese_Arab_Muslim_Sunni_Tripoli
Lebanese_Arab_Muslim_Sunni_Zgharta_(n=2),Lebanese_Arab_Muslim_Sunni_Zgharta
Lebbo_(n=3),Lebbo
Lemande_(n=2),Lemande
Lezgin_(n=5),Lezgin
Li_(n=4),Li
Libyan_Arab_(n=21),Libyan_Arab
Libyan_Arab_(Intermediate_Shwashin_Profile)_(n=2),Libyan_Arab
Libyan_Arab_Tripoli_(n=2),Libyan_Arab_Tripoli
Libyan_Jew_(n=11),Libyan_Jew
Lithuanian_(n=5),Lithuanian
Lithuanian_East_Aukstaitija_(n=10),Lithuanian_East_Aukstaitija
Lithuanian_North_Zemaitija_(n=10),Lithuanian_North_Zemaitija
Lithuanian_South_Aukstaitija_(n=8),Lithuanian_South_Aukstaitija
Lithuanian_South_Zemaitija_(n=10),Lithuanian_South_Zemaitija
Lithuanian_West_Aukstaitija_(n=10),Lithuanian_West_Aukstaitija
Lithuanian_West_Zemaitija_(n=8),Lithuanian_West_Zemaitija
Luhya_(n=7),Luhya
Luo_Kenya_(n=8),Luo_Kenya
Lur_(n=17),Lur
Maba_(n=23),Maba
Maba_o1_(n=1),Maba
Maba_o2_(n=1),Maba
Macedonian_North_Macedonia_(n=32),Macedonian_North_Macedonia
Mada_(n=2),Mada
Madhesi_Brahmin_(n=1),Madhesi_Brahmin
Madiga_Andhra_Pradesh_(n=12),Madiga_Andhra_Pradesh
Magar_(n=8),Magar
Makhuwa_(n=19),Makhuwa
Makrani_(n=6),Makrani
Malagasy_Mikea_(n=15),Malagasy_Mikea
Malagasy_Sofia_(n=9),Malagasy_Sofia
Malagasy_Sofia_o_(n=1),Malagasy_Sofia
Malagasy_Temoro_(n=24),Malagasy_Temoro
Malagasy_Toliara_(n=9),Malagasy_Toliara
Malagasy_Vezo_(n=21),Malagasy_Vezo
Malay_Malaysia_(n=9),Malay_Malaysia
Malay_Singapore_(n=30),Malay_Singapore
Malayali_Brahmin_Nambudiri_(n=5),Malayali_Brahmin_Nambudiri
Malayali_Christian_(n=2),Malayali_Christian
Malayali_Christian_Knanaya_(n=17),Malayali_Christian_Knanaya
Malayali_Christian_Nasrani_(n=18),Malayali_Christian_Nasrani
Malayali_Christian_Roman_Catholic_(n=1),Malayali_Christian_Roman_Catholic
Malayali_Ezhava_(n=2),Malayali_Ezhava
Malayali_Muslim_(n=1),Malayali_Muslim
Malayali_Nair_(n=11),Malayali_Nair
Malayali_Nair_Bania_Chettiar_(n=1),Malayali_Nair_Bania_Chettiar
Malayali_Nair_Maniyani_(n=2),Malayali_Nair_Maniyani
Malayali_Nair_Nambiar_(n=1),Malayali_Nair_Nambiar
Malayali_Poduval_(n=4),Malayali_Poduval
Malayali_Thiyya_(n=4),Malayali_Thiyya
Malayali_Vishwakarma_(n=1),Malayali_Vishwakarma
Malayan_(n=1),Malayan
Malinke_Mali_(n=49),Malinke_Mali
Maltese_(n=8),Maltese
Mamanwa_(n=1),Mamanwa
Manchu_(n=14),Manchu
Manchu_Aisin-Gioro_(n=38),Manchu_Aisin-Gioro
Manchu_Gejile_(n=3),Manchu_Gejile
Manchu_Guaerjia_(n=1),Manchu_Guaerjia
Manchu_Guizhou_Bijie_(n=27),Manchu_Guizhou_Bijie
Manchu_Guizhou_Jinsha_(n=28),Manchu_Guizhou_Jinsha
Manchu_Hesheli_(n=1),Manchu_Hesheli
Manchu_Jueercha_(n=2),Manchu_Jueercha
Manchu_Liaoning_(n=96),Manchu_Liaoning
Manchu_Liaoning_Jinzhou_(n=16),Manchu_Liaoning_Jinzhou
Manchu_Tongjia_(n=4),Manchu_Tongjia
Manchu_Wusu_(n=1),Manchu_Wusu
Manchu_Xinbin_(n=1),Manchu_Xinbin
Manchu_Yhyegjl_(n=2),Manchu_Yhyegjl
Mandaean_Iraq_(n=4),Mandaean_Iraq
Mandar_(n=20),Mandar
Mandinka_Gambia_(n=137),Mandinka_Gambia
Mandinka_Senegal_(n=18),Mandinka_Senegal
Manggarai_Rampasasa_(n=11),Manggarai_Rampasasa
Manipuri_Brahmin_(n=20),Manipuri_Brahmin
Maniq_(n=9),Maniq
Manjak_Gambia_(n=45),Manjak_Gambia
Manjak_Gambia_o_(n=2),Manjak_Gambia
Mansi_(n=8),Mansi
Manyika_(n=15),Manyika
Maonan_(n=16),Maonan
Maori_(European-Mixed)_(n=2),Maori_(European-Mixed)
Mappila_Muslim_(n=3),Mappila_Muslim
Marathi_(n=7),Marathi
Marathi_Bari_(n=1),Marathi_Bari
Marathi_Brahmin_Chitpavan_(n=1),Marathi_Brahmin_Chitpavan
Marathi_Sunar_(n=1),Marathi_Sunar
Mardini_Arab_(n=3),Mardini_Arab
Mari_(n=9),Mari
Masai_Kenya_(n=9),Masai_Kenya
Mauritanian_Arab_Beidan_(n=2),Mauritanian_Arab_Beidan
Mawasi_Chhattisgarh_(n=1),Mawasi_Chhattisgarh
Maya_(n=6),Maya
Maya_(Mestizo_Profile)_(n=1),Maya
Maya_Tzotzil_(n=17),Maya_Tzotzil
Mazandarani_(n=13),Mazandarani
Mbo_(n=21),Mbo
Mbukushu_(n=8),Mbukushu
Mbuti_(n=5),Mbuti
Mbuti_(low_res)_(n=25),Mbuti
Mende_Sierra_Leone_(n=8),Mende_Sierra_Leone
Mentawai_(n=26),Mentawai
Mexican_Mestizo_(n=20),Mexican_Mestizo
Mhallami_(n=33),Mhallami
Miao_Guangxi_Huanjiang_(n=8),Miao_Guangxi_Huanjiang
Miao_Guangxi_Longlin_(n=10),Miao_Guangxi_Longlin
Miao_Guangxi_Longsheng_(n=10),Miao_Guangxi_Longsheng
Miao_Guangxi_Rongshui_(n=10),Miao_Guangxi_Rongshui
Miao_Guangxi_Sanjiang_(n=9),Miao_Guangxi_Sanjiang
Miao_Guangxi_Xilin_(n=10),Miao_Guangxi_Xilin
Miao_Guangxi_Ziyuan_(n=8),Miao_Guangxi_Ziyuan
Miao_Guangxi_Ziyuan_o_(n=2),Miao_Guangxi_Ziyuan
Miao_Guizhou_Leishan_(n=49),Miao_Guizhou_Leishan
Miao_Guizhou_Leishan_o_(n=1),Miao_Guizhou_Leishan
Miao_Guizhou_Songtao_(n=25),Miao_Guizhou_Songtao
Miao_Guizhou_Songtao_o_(n=1),Miao_Guizhou_Songtao
Mijikenda_Chonyi_(n=47),Mijikenda_Chonyi
Mijikenda_Giriama_(n=46),Mijikenda_Giriama
Mijikenda_Kambe_(n=35),Mijikenda_Kambe
Mijikenda_Kambe_o1_(n=5),Mijikenda_Kambe
Mijikenda_Kambe_o2_(n=2),Mijikenda_Kambe
Mijikenda_Kauma_(n=95),Mijikenda_Kauma
Mijikenda_Kauma_o_(n=2),Mijikenda_Kauma
Mingrelian_Abasha_(n=16),Mingrelian_Abasha
Mingrelian_Akhalsopeli_(n=7),Mingrelian_Akhalsopeli
Mingrelian_Chkhorotsqu_(n=29),Mingrelian_Chkhorotsqu
Mingrelian_Didi-Chqoni_(n=6),Mingrelian_Didi-Chqoni
Mingrelian_Jgali_(n=16),Mingrelian_Jgali
Mingrelian_Jvari_(n=25),Mingrelian_Jvari
Mingrelian_Khabume_(n=16),Mingrelian_Khabume
Mingrelian_Kheta_(n=9),Mingrelian_Kheta
Mingrelian_Khobi_(n=23),Mingrelian_Khobi
Mingrelian_Kurzu_(n=7),Mingrelian_Kurzu
Mingrelian_Letsurtsume_(n=20),Mingrelian_Letsurtsume
Mingrelian_Lia_(n=6),Mingrelian_Lia
Mingrelian_Martvili_(n=28),Mingrelian_Martvili
Mingrelian_Mukhuri_(n=12),Mingrelian_Mukhuri
Mingrelian_Nojikhevi_(n=8),Mingrelian_Nojikhevi
Mingrelian_Nokalakevi_(n=9),Mingrelian_Nokalakevi
Mingrelian_Norio_(n=5),Mingrelian_Norio
Mingrelian_Nosiri_(n=16),Mingrelian_Nosiri
Mingrelian_Obuji_(n=16),Mingrelian_Obuji
Mingrelian_Poti_(n=11),Mingrelian_Poti
Mingrelian_Potskhoetseri_(n=10),Mingrelian_Potskhoetseri
Mingrelian_Salkhino_(n=6),Mingrelian_Salkhino
Mingrelian_Senaki_(n=19),Mingrelian_Senaki
Mingrelian_Sujuna_(n=8),Mingrelian_Sujuna
Mingrelian_Taleri_(n=7),Mingrelian_Taleri
Mingrelian_Tbilisi_(n=2),Mingrelian_Tbilisi
Mingrelian_Teklati_(n=12),Mingrelian_Teklati
Mingrelian_Tsalenjikha_(n=38),Mingrelian_Tsalenjikha
Mingrelian_Zana_(n=6),Mingrelian_Zana
Mingrelian_Zugdidi_(n=58),Mingrelian_Zugdidi
Mixe_(n=7),Mixe
Mixtec_(n=5),Mixtec
Mixtec_(Mestizo_Profile)_(n=1),Mixtec
Mizo_(n=5),Mizo
Mlabri_(n=10),Mlabri
Mogush_(n=14),Mogush
Moken_(low_res)_(n=23),Moken
Moken_(low_res)_o_(n=1),Moken
Moldovan_(n=35),Moldovan
Moldovan_o1_(n=5),Moldovan
Moldovan_o2_(n=1),Moldovan
Moldovan_Stefan_Voda_(n=10),Moldovan_Stefan_Voda
Mon_Thailand_(n=10),Mon_Thailand
Mongol_Guizhou_Bijie_(n=26),Mongol_Guizhou_Bijie
Mongol_Inner_Mongolia_(Inner_Mongolia_Profile)_(n=5),Mongol_Inner_Mongolia
Mongol_Inner_Mongolia_(Mid-Mongolia_Profile)_(n=2),Mongol_Inner_Mongolia
Mongol_Inner_Mongolia_(Outer_Mongolia_Profile)_(n=8),Mongol_Inner_Mongolia
Mongol_Inner_Mongolia_Baotu_(Inner_Mongolia_Profile)_(n=10),Mongol_Inner_Mongolia_Baotu
Mongol_Inner_Mongolia_Baotu_(Mid-Mongolia_Profile)_(n=14),Mongol_Inner_Mongolia_Baotu
Mongol_Inner_Mongolia_Baotu_(North_China_Profile)_(n=1),Mongol_Inner_Mongolia_Baotu
Mongol_Inner_Mongolia_Baotu_(Outer_Mongolia_Profile)_(n=14),Mongol_Inner_Mongolia_Baotu
Mongol_Inner_Mongolia_Hulunbuir_(Inner_Mongolia_Profile)_(n=3),Mongol_Inner_Mongolia_Hulunbuir
Mongol_Mongolia_(n=54),Mongol_Mongolia
Mongol_Xinjiang_(n=8),Mongol_Xinjiang
Montenegrin_(n=6),Montenegrin
Mordvin_(n=29),Mordvin
Mordvin_Erzya_(n=12),Mordvin_Erzya
Mordvin_Moksha_(n=10),Mordvin_Moksha
Moroccan_Arab_(n=22),Moroccan_Arab
Moroccan_Arab_Casablanca_(n=10),Moroccan_Arab_Casablanca
Moroccan_Arab_Casablanca_(Intermediate_Hartani_Profile)_(n=1),Moroccan_Arab_Casablanca
Moroccan_Arab_Errachidia_(n=2),Moroccan_Arab_Errachidia
Moroccan_Arab_Errachidia_(Intermediate_Hartani_Profile)_(n=2),Moroccan_Arab_Errachidia
Moroccan_Arab_Fassi_(n=7),Moroccan_Arab_Fassi
Moroccan_Arab_Jebala_(n=3),Moroccan_Arab_Jebala
Moroccan_Arab_Jebala_Chefchaouen_(n=8),Moroccan_Arab_Jebala_Chefchaouen
Moroccan_Arab_Morisco_Sale_(n=1),Moroccan_Arab_Morisco_Sale
Moroccan_Arab_Morisco_Tetouan_(n=3),Moroccan_Arab_Morisco_Tetouan
Moroccan_Arab_Oujda_(n=4),Moroccan_Arab_Oujda
Moroccan_Arab_Zagora_(n=2),Moroccan_Arab_Zagora
Moroccan_Arab-Berber_(n=3),Moroccan_Arab-Berber
Moroccan_Jew_(n=22),Moroccan_Jew
Moroccan_Jew_(Toshav-Shifted)_(n=1),Moroccan_Jew_(Toshav-Shifted)
Mossi_(n=50),Mossi
Mountain_Jew_Azerbaijan_(n=3),Mountain_Jew_Azerbaijan
Mountain_Jew_Chechnya_(n=1),Mountain_Jew_Chechnya
Mountain_Jew_Ciscaucasia_(n=3),Mountain_Jew_Ciscaucasia
Mountain_Jew_Dagestan_(n=15),Mountain_Jew_Dagestan
Mulam_(n=16),Mulam
Mulao_Guizhou_Majiang_(n=38),Mulao_Guizhou_Majiang
Mulao_Guizhou_Majiang_o_(n=1),Mulao_Guizhou_Majiang
Mumbai_Jew_(n=2),Mumbai_Jew
Mursi_(n=2),Mursi
Murut_Brunei_(n=17),Murut_Brunei
Mwani_(n=5),Mwani
Mzigua_(n=50),Mzigua
Naga_India_(n=5),Naga_India
Naga_Myanmar_(n=28),Naga_Myanmar
Naga_Myanmar_o1_(n=1),Naga_Myanmar
Naga_Myanmar_o2_(n=1),Naga_Myanmar
Nahua_(n=1),Nahua
Nama_(n=10),Nama
Nanai_(n=10),Nanai
Nasioi_(n=15),Nasioi
Navajo_(n=2),Navajo
Naxi_(n=5),Naxi
Ndau_(n=18),Ndau
Negidal_Orochi_(n=3),Negidal_Orochi
Nenets_Forest_(n=30),Nenets_Forest
Nenets_Tundra_(n=17),Nenets_Tundra
Nenets_Tundra_o1_(n=2),Nenets_Tundra
Nenets_Tundra_o2_(n=1),Nenets_Tundra
Nenets_Tundra_o3_(n=1),Nenets_Tundra
Nepali_(Mixed_Himalayan_Profile)_(n=1),Nepali
Nepali_(Newar_Profile)_(n=3),Nepali
Nepali_(Tamang_Profile)_(n=1),Nepali
Nepali_(Tharu_Profile)_(n=2),Nepali
Newar_(n=10),Newar
Ngadha_Bena_(n=28),Ngadha_Bena
Ngajanji_(n=1),Ngajanji
Nganasan_(n=61),Nganasan
Ngoni_Malawi_(n=4),Ngoni_Malawi
Ngumba_(n=2),Ngumba
Ni-Vanuatu_(n=12),Ni-Vanuatu
Ni-Vanuatu_(European-Mixed)_(n=2),Ni-Vanuatu_(European-Mixed)
Nias_Gomo_(n=15),Nias_Gomo
Nias_Hilitobara_(n=13),Nias_Hilitobara
Nihali_(n=1),Nihali
Nivkh_(n=9),Nivkh
Nogai_Astrakhan_(n=6),Nogai_Astrakhan
Nogai_Dagestan_(n=3),Nogai_Dagestan
Nogai_Dagestan_o_(Ciscaucasian_Profile)_(n=3),Nogai_Dagestan
Nogai_Dobruja_(n=1),Nogai_Dobruja
Nogai_Stavropol_(n=7),Nogai_Stavropol
Nogai_Stavropol_o_(n=3),Nogai_Stavropol
North_Kannadi_(n=3),North_Kannadi
North_Madhya_Pradeshi_Rajput_(n=1),North_Madhya_Pradeshi_Rajput
Northern_Irish_Mixed_(Ulster_Irish+Ulster_Scots)_(n=2),Northern_Irish_Mixed_(Ulster_Irish+Ulster_Scots)
Norwegian_(n=37),Norwegian
Norwegian_Bergen_(n=8),Norwegian_Bergen
Nuba_(n=14),Nuba
Nuba_Koalib_(n=25),Nuba_Koalib
Nubian_Danagla_(n=10),Nubian_Danagla
Nubian_Nobiin_Halfawi_(n=5),Nubian_Nobiin_Halfawi
Nubian_Nobiin_Mahas_(n=13),Nubian_Nobiin_Mahas
Nuer_(n=14),Nuer
Nuer_o_(n=1),Nuer
Nuristani_(n=4),Nuristani
Nyah_Kur_(n=10),Nyah_Kur
Nyaneka_(n=13),Nyaneka
Nyanja_(n=16),Nyanja
Nyishi_(n=2),Nyishi
Nyishi_o_(n=2),Nyishi
Odia_Khandayat_(n=1),Odia_Khandayat
Ogiek_Kenya_(n=2),Ogiek_Kenya
Ojibwe_(European-Mixed)_(n=3),Ojibwe_(European-Mixed)
Omani_Arab_(n=2),Omani_Arab
Omani_Arab_(Intermediate_Profile)_(n=1),Omani_Arab
Onge_(n=19),Onge
Orcadian_(n=35),Orcadian
Oromo_Ethiopia_(n=21),Oromo_Ethiopia
Oroqen_(n=3),Oroqen
Ossetian_North_Ossetia_(n=5),Ossetian_North_Ossetia
Ossetian_South_Ossetia_(n=6),Ossetian_South_Ossetia
Ovambo_Namibia_(n=9),Ovambo_Namibia
Ovambo_Namibia_o_(n=1),Ovambo_Namibia
Pahari_Jatt_Muslim_(n=2),Pahari_Jatt_Muslim
Pahari_Mirpur_(n=2),Pahari_Mirpur
Pahari_Rajput_Muslim_Jammu_(n=3),Pahari_Rajput_Muslim_Jammu
Palestinian_Arab_Christian_(n=18),Palestinian_Arab_Christian
Palestinian_Arab_Muslim_(n=76),Palestinian_Arab_Muslim
Palestinian_Arab_Muslim_Gaza_(n=7),Palestinian_Arab_Muslim_Gaza
Palestinian_Arab_Muslim_o1_(Arabian/Egyptian-Shifted_Profile)_(n=7),Palestinian_Arab_Muslim
Pallan_(n=20),Pallan
Pamiri_Ishkashim_(n=8),Pamiri_Ishkashim
Pamiri_Rushan_(n=8),Pamiri_Rushan
Pamiri_Sarikoli_(n=50),Pamiri_Sarikoli
Pamiri_Shugnan_(n=8),Pamiri_Shugnan
Paniya_(n=16),Paniya
Paniya_o_(n=5),Paniya
Pantar_(n=27),Pantar
Papuan_(n=5),Papuan
Papuan_Coastal_(n=10),Papuan_Coastal
Papuan_Coastal_o_(n=1),Papuan_Coastal
Papuan_Highland_(n=13),Papuan_Highland
Parsi_India_(n=29),Parsi_India
Parsi_India_o1_(n=1),Parsi_India
Parsi_India_o2_(n=1),Parsi_India
Parsi_India_o3_(n=1),Parsi_India
Parsi_Pakistan_(n=23),Parsi_Pakistan
Pashtun_Afghanistan_(n=1),Pashtun_Afghanistan
Pashtun_Afghanistan_Jalalabad_(n=1),Pashtun_Afghanistan_Jalalabad
Pashtun_Afghanistan_Kabul_(n=1),Pashtun_Afghanistan_Kabul
Pashtun_Afghanistan_Kandahar_(n=2),Pashtun_Afghanistan_Kandahar
Pashtun_Afghanistan_Kunar_(n=1),Pashtun_Afghanistan_Kunar
Pashtun_Afghanistan_North_(n=3),Pashtun_Afghanistan_North
Pashtun_Afghanistan_o_(n=1),Pashtun_Afghanistan
Pashtun_Bettani_(n=3),Pashtun_Bettani
Pashtun_Durrani_(n=7),Pashtun_Durrani
Pashtun_Ghilji_(n=3),Pashtun_Ghilji
Pashtun_India_Bhopal_(n=2),Pashtun_India_Bhopal
Pashtun_Kakakhel_(n=1),Pashtun_Kakakhel
Pashtun_Khalil_(n=1),Pashtun_Khalil
Pashtun_Khattak_(n=3),Pashtun_Khattak
Pashtun_Khattak_Nowshera_(n=6),Pashtun_Khattak_Nowshera
Pashtun_Mohmand_(n=2),Pashtun_Mohmand
Pashtun_Northeast_Afghanistan_(n=3),Pashtun_Northeast_Afghanistan
Pashtun_Pakistan_(n=1),Pashtun_Pakistan
Pashtun_Pakistan_Kurram_(n=7),Pashtun_Pakistan_Kurram
Pashtun_Pakistan_Syed_(n=1),Pashtun_Pakistan_Syed
Pashtun_Safi_(n=3),Pashtun_Safi
Pashtun_Shinwari_(n=2),Pashtun_Shinwari
Pashtun_Tarkalani_(n=29),Pashtun_Tarkalani
Pashtun_Tarkalani_Kakazai_(n=1),Pashtun_Tarkalani_Kakazai
Pashtun_Uthmankhel_(n=31),Pashtun_Uthmankhel
Pashtun_Waziri_(n=1),Pashtun_Waziri
Pashtun_Yusufzai_(n=34),Pashtun_Yusufzai
Pashtun_Zazi_(n=1),Pashtun_Zazi
Pedi_(low_res)_(n=8),Pedi
Pedi_(low_res)_o1_(n=1),Pedi
Pedi_(low_res)_o2_(n=1),Pedi
Persian_(n=1),Persian
Persian_Achomi_(n=1),Persian_Achomi
Persian_Bandari_(n=7),Persian_Bandari
Persian_Fars_(n=12),Persian_Fars
Persian_Fars_Shiraz_(n=12),Persian_Fars_Shiraz
Persian_Fars_Shiraz_o_(n=1),Persian_Fars_Shiraz
Persian_Isfahan_(n=6),Persian_Isfahan
Persian_Kerman_(n=1),Persian_Kerman
Persian_Khorasan_(n=12),Persian_Khorasan
Persian_Khorasan_o_(Hither-Pashtun_Profile)_(n=2),Persian_Khorasan
Persian_Khuzestan_(n=2),Persian_Khuzestan
Persian_Markazi_(n=1),Persian_Markazi
Persian_Qom_(n=1),Persian_Qom
Persian_Semnan_(n=2),Persian_Semnan
Persian_Sistan_(n=1),Persian_Sistan
Persian_Tehran_(n=2),Persian_Tehran
Persian_Yazd_(n=17),Persian_Yazd
Persian_Yazd_o1_(n=1),Persian_Yazd
Persian_Yazd_o2_(n=1),Persian_Yazd
Peruvian_Mestizo_(n=1),Peruvian_Mestizo
Piapoco_(n=4),Piapoco
Pima_(n=5),Pima
Piramalai_Kallar_(n=3),Piramalai_Kallar
Polish_(n=60),Polish
Polish_Mazovia_(n=2),Polish_Mazovia
Polish_Silesia_(n=2),Polish_Silesia
Polish_Wielkopolska_(n=11),Polish_Wielkopolska
Pomak_Bulgaria_(n=24),Pomak_Bulgaria
Pomak_Greece_(n=11),Pomak_Greece
Pomak_Greece_o_(n=1),Pomak_Greece
Pomak_North_Macedonia_(n=2),Pomak_North_Macedonia
Portuguese_(n=53),Portuguese
Portuguese_Madeira_(n=1),Portuguese_Madeira
Puerto_Rican_(n=5),Puerto_Rican
Pulaya_Kerala_(n=2),Pulaya_Kerala
Pulliyar_(n=4),Pulliyar
Pumi_(n=13),Pumi
Pumi_o_(n=1),Pumi
Punjabi_Arain_(n=22),Punjabi_Arain
Punjabi_Arora_(n=5),Punjabi_Arora
Punjabi_Awan_(n=5),Punjabi_Awan
Punjabi_Bania_Gupta_(n=1),Punjabi_Bania_Gupta
Punjabi_Brahmin_(n=2),Punjabi_Brahmin
Punjabi_Brahmin_Doaba_(n=1),Punjabi_Brahmin_Doaba
Punjabi_Brahmin_Potohar_(n=1),Punjabi_Brahmin_Potohar
Punjabi_Chuhra_Christian_India_(n=2),Punjabi_Chuhra_Christian_India
Punjabi_Gujar_(n=10),Punjabi_Gujar
Punjabi_Hindu_India_(n=26),Punjabi_Hindu_India
Punjabi_Hindu_India_o_(n=1),Punjabi_Hindu_India
Punjabi_Jatt_Muslim_(n=8),Punjabi_Jatt_Muslim
Punjabi_Jatt_Sikh_(n=31),Punjabi_Jatt_Sikh
Punjabi_Kamboj_(n=11),Punjabi_Kamboj
Punjabi_Kamboj_o_(n=3),Punjabi_Kamboj
Punjabi_Khatri_(n=19),Punjabi_Khatri
Punjabi_Khatri_o_(n=2),Punjabi_Khatri
Punjabi_Lahore_(n=96),Punjabi_Lahore
Punjabi_Lohar_Muslim_India_(n=1),Punjabi_Lohar_Muslim_India
Punjabi_Lubana_Sikh_(n=2),Punjabi_Lubana_Sikh
Punjabi_Mughal_(n=1),Punjabi_Mughal
Punjabi_Muslim_India_(n=3),Punjabi_Muslim_India
Punjabi_Nai_(n=1),Punjabi_Nai
Punjabi_Rajput_(n=7),Punjabi_Rajput
Punjabi_Rajput_Potohar_(n=15),Punjabi_Rajput_Potohar
Punjabi_Ramgarhia_Tarkhan_Sikh_(n=13),Punjabi_Ramgarhia_Tarkhan_Sikh
Punjabi_Sikh_India_(n=47),Punjabi_Sikh_India
Punjabi_Syed_(n=3),Punjabi_Syed
Punjabi_Tarkhan_Muslim_(n=1),Punjabi_Tarkhan_Muslim
Qashqai_(n=1),Qashqai
Qatari_Arab_(n=3),Qatari_Arab
Qiang_Guizou_Tongren_Jiangkou_(n=11),Qiang_Guizou_Tongren_Jiangkou
Qiang_Sichuan_Garze_Danba_(n=8),Qiang_Sichuan_Garze_Danba
Qiang_Sichuan_Garze_Danba_o_(n=1),Qiang_Sichuan_Garze_Danba
Qiang_Sichuan_Garze_Daofu_(n=8),Qiang_Sichuan_Garze_Daofu
Qizilbash_(n=1),Qizilbash
Quechua_(Mestizo_Profile)_(n=3),Quechua
Quechua_Peru_(n=3),Quechua_Peru
Quechua_Peru_Titicaca_(n=16),Quechua_Peru_Titicaca
Rai_(n=5),Rai
Rajasthani_Brahmin_(n=3),Rajasthani_Brahmin
Rajasthani_Brahmin_Pareek_(n=1),Rajasthani_Brahmin_Pareek
Rajasthani_Jatt_(n=3),Rajasthani_Jatt
Rajasthani_Meghwal_(n=1),Rajasthani_Meghwal
Rajasthani_Rajput_(n=6),Rajasthani_Rajput
Rajasthani_Rajput_o1_(n=2),Rajasthani_Rajput
Rajasthani_Rajput_o2_(n=7),Rajasthani_Rajput
Rajasthani_Rajput_o3_(n=1),Rajasthani_Rajput
Rakhine_Myanmar_(n=23),Rakhine_Myanmar
Rakhine_Myanmar_o_(n=2),Rakhine_Myanmar
Relli_(n=2),Relli
Rendille_(n=2),Rendille
Reunionese_Creole_(n=1),Reunionese_Creole
Rohingya_(n=1),Rohingya
Roma_Bosnia-Herzegovina_(n=3),Roma_Bosnia-Herzegovina
Roma_Czechia_(n=4),Roma_Czechia
Roma_Portugal_Porto_(n=4),Roma_Portugal_Porto
Roma_Portugal_Porto_o_(n=1),Roma_Portugal_Porto
Roma_Serbia_(n=1),Roma_Serbia
Roma_Spain_Barcelona_(n=6),Roma_Spain_Barcelona
Roma_Spain_Bilbao_(n=8),Roma_Spain_Bilbao
Roma_Spain_Bilbao_o_(n=1),Roma_Spain_Bilbao
Roma_Spain_Granada_(n=7),Roma_Spain_Granada
Roma_Spain_Granada_o_(n=1),Roma_Spain_Granada
Roma_Spain_Madrid_(n=4),Roma_Spain_Madrid
Roma_Spain_Madrid_o_(n=1),Roma_Spain_Madrid
Roma_Turkey_Balkans_(n=1),Roma_Turkey_Balkans
Romanian_(n=28),Romanian
Romaniote_(Yevanic_Jew)_(n=7),Romaniote_(Yevanic_Jew)
Ronga_(n=3),Ronga
Ror_(n=16),Ror
Russian_Arkhangelsk_Krasnoborsky_(n=6),Russian_Arkhangelsk_Krasnoborsky
Russian_Arkhangelsk_Leshukonsky_(n=5),Russian_Arkhangelsk_Leshukonsky
Russian_Arkhangelsk_Pinezhsky_(n=8),Russian_Arkhangelsk_Pinezhsky
Russian_Belgorod_(n=4),Russian_Belgorod
Russian_Kaluga_(n=4),Russian_Kaluga
Russian_Kostroma_(n=6),Russian_Kostroma
Russian_Kursk_(n=8),Russian_Kursk
Russian_Lipetsk_(n=1),Russian_Lipetsk
Russian_Nizhny_Novgorod_(n=1),Russian_Nizhny_Novgorod
Russian_Novgorod_(n=15),Russian_Novgorod
Russian_Oryol_(n=11),Russian_Oryol
Russian_Pskov_(n=32),Russian_Pskov
Russian_Ryazan_(n=12),Russian_Ryazan
Russian_Smolensk_(n=15),Russian_Smolensk
Russian_Tver_(n=9),Russian_Tver
Russian_Voronezh_(n=5),Russian_Voronezh
Russian_Yaroslavl_(n=19),Russian_Yaroslavl
Rusyn_Ukraine_(n=1),Rusyn_Ukraine
Saami_Finland_(n=3),Saami_Finland
Saami_Kola_(n=4),Saami_Kola
Saami_Kola_o_(n=4),Saami_Kola
Saami_Norway_(n=2),Saami_Norway
Saami_Sweden_(n=13),Saami_Sweden
Sabbatean_(Donme)_(n=2),Sabbatean_(Donme)
Saharawi_(n=25),Saharawi
Saharawi_(Intermediate_Hartani_Profile)_(n=1),Saharawi
Saho_Eritrea_(n=3),Saho_Eritrea
Sakilli_(n=2),Sakilli
Salar_(n=34),Salar
Saliya_Kerala_(n=1),Saliya_Kerala
Salvadoran_Mestizo_(n=4),Salvadoran_Mestizo
Samaritan_(n=6),Samaritan
Samoan_(n=7),Samoan
Samoan_(European-Mixed)_(n=1),Samoan_(European-Mixed)
Samoan_(European-Mixed)_(low_res)_(n=2),Samoan_(European-Mixed)
Samoan_(SSA-Mixed)_(n=1),Samoan_(SSA-Mixed)
Samoan_o_(n=1),Samoan
San_(n=8),San
San_o_(n=1),San
Sandawe_(n=12),Sandawe
Santhal_Bangladesh_(n=10),Santhal_Bangladesh
Santhal_India_(n=21),Santhal_India
Saraiki_Jatt_(n=1),Saraiki_Jatt
Sardinian_(n=10),Sardinian
Sardinian_Benetutti_(n=25),Sardinian_Benetutti
Sardinian_North_(n=20),Sardinian_North
Sardinian_North_o_(n=2),Sardinian_North
Sardinian_Sulcis-Iglesiente_(n=24),Sardinian_Sulcis-Iglesiente
Saudi_(Bandari_Profile)_(n=1),Saudi
Saudi_(Iranian_Plateau_Profile)_(n=1),Saudi
Saudi_Arab_(n=22),Saudi_Arab
Saudi_Arab_(Arabian-Mixed_Profile)_(n=6),Saudi_Arab
Saudi_Arab_(SSA-Mixed_Profile)_(n=2),Saudi_Arab
Saudi_Arab_(SSA+South_Asian-Mixed_Profile)_(n=4),Saudi_Arab
Saudi_Arab_(SSA+South_Asian-Mixed_Profile)_o1_(n=1),Saudi_Arab
Saudi_Arab_(SSA+South_Asian-Mixed_Profile)_o2_(n=2),Saudi_Arab
Saudi_Arab_(SSA+South_Asian-Mixed_Profile)_o3_(n=1),Saudi_Arab
Saudi_Arab_Hejaz_(n=6),Saudi_Arab_Hejaz
Saudi_Arab_Hejaz_(SSA-Mixed_Profile)_(n=2),Saudi_Arab_Hejaz
Saudi_Arab_Jizan_(n=3),Saudi_Arab_Jizan
Saudi_Arab_Jizan_(SSA-Mixed_Profile)_(n=2),Saudi_Arab_Jizan
Saudi_Arab_Najd_(n=14),Saudi_Arab_Najd
Saudi_Arab_Qatif_(SSA+South_Asian-Mixed_Profile)_(n=5),Saudi_Arab_Qatif
Savara_(n=1),Savara
Scottish_(n=35),Scottish
Scottish_Argyll_and_Bute_(n=1),Scottish_Argyll_and_Bute
Selkup_Taz_(n=70),Selkup_Taz
Selkup_Taz_o1_(n=1),Selkup_Taz
Selkup_Taz_o2_(n=1),Selkup_Taz
Selkup_Taz_o3_(n=1),Selkup_Taz
Sena_(n=20),Sena
Sengwer_(n=2),Sengwer
Sephardic_Jew_Bulgaria_(n=2),Sephardic_Jew_Bulgaria
Sephardic_Jew_Portugal_(Belmonte_Crypto-Jew)_(n=1),Sephardic_Jew_Portugal_(Belmonte_Crypto-Jew)
Sephardic_Jew_Turkey_(n=20),Sephardic_Jew_Turkey
Sephardic_Jew_Turkey_o_(n=2),Sephardic_Jew_Turkey
Serb_(n=18),Serb
Serb_Bosnia_(n=7),Serb_Bosnia
Serb_Croatia_(n=11),Serb_Croatia
Serb_Herzegovina_(n=1),Serb_Herzegovina
Serb_Montenegro_(n=9),Serb_Montenegro
Serb_North_Macedonia_(n=1),Serb_North_Macedonia
Serb_Serbia_Backa_(n=2),Serb_Serbia_Backa
Serb_Serbia_Belgrade_(n=23),Serb_Serbia_Belgrade
Serb_Serbia_Branicevo_(n=1),Serb_Serbia_Branicevo
Serb_Serbia_Central_Banat_(n=1),Serb_Serbia_Central_Banat
Serb_Serbia_Jablanica_(n=5),Serb_Serbia_Jablanica
Serb_Serbia_Kolubara_(n=1),Serb_Serbia_Kolubara
Serb_Serbia_Macva_(n=3),Serb_Serbia_Macva
Serb_Serbia_Moravica_(n=2),Serb_Serbia_Moravica
Serb_Serbia_Nisava_(n=3),Serb_Serbia_Nisava
Serb_Serbia_Pcinja_(n=2),Serb_Serbia_Pcinja
Serb_Serbia_Pomoravlje_(n=1),Serb_Serbia_Pomoravlje
Serb_Serbia_Rasina_(n=1),Serb_Serbia_Rasina
Serb_Serbia_Sumadija_(n=7),Serb_Serbia_Sumadija
Serb_Serbia_Toplica_(n=2),Serb_Serbia_Toplica
Serer_Gambia_(n=50),Serer_Gambia
She_(n=3),She
Sherpa_Khumbu_(n=2),Sherpa_Khumbu
Sherpa_Rolwaling_Himal_(n=30),Sherpa_Rolwaling_Himal
Sherpa_West_Bengal_(n=4),Sherpa_West_Bengal
Shetlandic_(n=3),Shetlandic
Shilluk_(n=12),Shilluk
Shilluk_o1_(n=1),Shilluk
Shilluk_o2_(n=3),Shilluk
Shipibo_(n=10),Shipibo
Shipibo_(Zambo_Profile)_(n=1),Shipibo
Shor_(n=3),Shor
Shor_Khakassia_(n=5),Shor_Khakassia
Shor_Mountain_(n=7),Shor_Mountain
Sicilian_(n=2),Sicilian
Sicilian_Agrigento_(n=2),Sicilian_Agrigento
Sicilian_Central_(n=2),Sicilian_Central
Sicilian_East_(n=1),Sicilian_East
Sicilian_Palermo_(n=2),Sicilian_Palermo
Sicilian_Syracuse_(n=5),Sicilian_Syracuse
Sicilian_Trapani_(n=7),Sicilian_Trapani
Sicilian_West_(n=8),Sicilian_West
Sindhi_(n=6),Sindhi
Sindhi_Hindu_(n=1),Sindhi_Hindu
Sinhalese_(n=16),Sinhalese
Sioux_Lakota_(n=1),Sioux_Lakota
Sioux_Lakota_(European-Mixed)_(n=1),Sioux_Lakota_(European-Mixed)
Slovak_(n=6),Slovak
Slovene_(n=8),Slovene
Slovincian_(n=2),Slovincian
Somali_(n=13),Somali
Somali_Ethiopia_(n=2),Somali_Ethiopia
Somali_Kenya_(n=11),Somali_Kenya
Somali_Somalia_(n=16),Somali_Somalia
Somali_Somaliland_(n=9),Somali_Somaliland
Soninke_Gambia_(n=46),Soninke_Gambia
Sorb_Niederlausitz_(n=1),Sorb_Niederlausitz
Sotho_Lesotho_(n=8),Sotho_Lesotho
South_African_Bantu_(n=9),South_African_Bantu
South_Sudanese_(n=10),South_Sudanese
South_Sudanese_o1_(n=3),South_Sudanese
South_Sudanese_o2_(n=1),South_Sudanese
South_Sudanese_o3_(n=1),South_Sudanese
Spanish_Andalusia_(Andalusian)_(n=31),Spanish_Andalusia_(Andalusian)
Spanish_Aragon_(Aragonese)_(n=5),Spanish_Aragon_(Aragonese)
Spanish_Aragon_North_(Aragonese)_(n=10),Spanish_Aragon_North_(Aragonese)
Spanish_Asturias_(Asturian)_(n=2),Spanish_Asturias_(Asturian)
Spanish_Baleares_(Catalan)_(n=5),Spanish_Baleares_(Catalan)
Spanish_Baleares_Ibiza_(Catalan)_(n=13),Spanish_Baleares_Ibiza_(Catalan)
Spanish_Baleares_Mallorca_(Catalan)_(n=9),Spanish_Baleares_Mallorca_(Catalan)
Spanish_Baleares_Menorca_(Catalan)_(n=3),Spanish_Baleares_Menorca_(Catalan)
Spanish_Biscay_West_(Cantabrian)_(n=10),Spanish_Biscay_West_(Cantabrian)
Spanish_Canarias_(Canarian)_(n=19),Spanish_Canarias_(Canarian)
Spanish_Canarias_El_Hierro_(Canarian)_(n=34),Spanish_Canarias_El_Hierro_(Canarian)
Spanish_Canarias_Fuerteventura_(Canarian)_(n=32),Spanish_Canarias_Fuerteventura_(Canarian)
Spanish_Canarias_Gran_Canaria_(Canarian)_(n=114),Spanish_Canarias_Gran_Canaria_(Canarian)
Spanish_Canarias_Gran_Canaria_(Canarian)_o_(n=3),Spanish_Canarias_Gran_Canaria_(Canarian)
Spanish_Canarias_La_Gomera_(Canarian)_(n=76),Spanish_Canarias_La_Gomera_(Canarian)
Spanish_Canarias_La_Gomera_(Canarian)_o1_(n=1),Spanish_Canarias_La_Gomera_(Canarian)
Spanish_Canarias_La_Gomera_(Canarian)_o2_(n=1),Spanish_Canarias_La_Gomera_(Canarian)
Spanish_Canarias_La_Palma_(Canarian)_(n=32),Spanish_Canarias_La_Palma_(Canarian)
Spanish_Canarias_La_Palma_(Canarian)_o_(n=3),Spanish_Canarias_La_Palma_(Canarian)
Spanish_Canarias_Lanzarote_(Canarian)_(n=56),Spanish_Canarias_Lanzarote_(Canarian)
Spanish_Canarias_Tenerife_(Canarian)_(n=61),Spanish_Canarias_Tenerife_(Canarian)
Spanish_Canarias_Tenerife_(Canarian)_o_(n=3),Spanish_Canarias_Tenerife_(Canarian)
Spanish_Cantabria_(Cantabrian)_(n=14),Spanish_Cantabria_(Cantabrian)
Spanish_Castile_and_Leon_(Castilian)_(n=7),Spanish_Castile_and_Leon_(Castilian)
Spanish_Castile_and_Leon_Burgos_North_(Castilian)_(n=10),Spanish_Castile_and_Leon_Burgos_North_(Castilian)
Spanish_Castile_and_Leon_Leon_(Castilian)_(n=3),Spanish_Castile_and_Leon_Leon_(Castilian)
Spanish_Castile_and_Leon_Soria_(Castilian)_(n=2),Spanish_Castile_and_Leon_Soria_(Castilian)
Spanish_Castilla-La_Mancha_(Castilian)_(n=7),Spanish_Castilla-La_Mancha_(Castilian)
Spanish_Catalonia_(Catalan)_(n=4),Spanish_Catalonia_(Catalan)
Spanish_Catalonia_Barcelones_(Catalan)_(n=5),Spanish_Catalonia_Barcelones_(Catalan)
Spanish_Catalonia_Camp_de_Tarragona_(Catalan)_(n=8),Spanish_Catalonia_Camp_de_Tarragona_(Catalan)
Spanish_Catalonia_Central_(Catalan)_(n=9),Spanish_Catalonia_Central_(Catalan)
Spanish_Catalonia_Girona_(Catalan)_(n=11),Spanish_Catalonia_Girona_(Catalan)
Spanish_Catalonia_Lleida_(Catalan)_(n=9),Spanish_Catalonia_Lleida_(Catalan)
Spanish_Catalonia_Penedes_(Catalan)_(n=11),Spanish_Catalonia_Penedes_(Catalan)
Spanish_Catalonia_Peri-Barcelona_(Catalan)_(n=10),Spanish_Catalonia_Peri-Barcelona_(Catalan)
Spanish_Catalonia_Pirineu_(Catalan)_(n=6),Spanish_Catalonia_Pirineu_(Catalan)
Spanish_Catalonia_Terres_de_l'Ebre_(Catalan)_(n=5),Spanish_Catalonia_Terres_de_l'Ebre_(Catalan)
Spanish_Extremadura_(Extremaduran)_(n=6),Spanish_Extremadura_(Extremaduran)
Spanish_Galicia_(Galician)_(n=19),Spanish_Galicia_(Galician)
Spanish_La_Rioja_(Riojan)_(n=11),Spanish_La_Rioja_(Riojan)
Spanish_Murcia_(Murcian)_(n=8),Spanish_Murcia_(Murcian)
Spanish_Navarre_(Navarrese)_(n=2),Spanish_Navarre_(Navarrese)
Spanish_Valencia_(Valencian)_(n=13),Spanish_Valencia_(Valencian)
Spanish_Valencia_Alicante_(Valencian)_(n=8),Spanish_Valencia_Alicante_(Valencian)
Spanish_Valencia_Castellon_(Valencian)_(n=7),Spanish_Valencia_Castellon_(Valencian)
Sri_Lankan_(n=21),Sri_Lankan
Sudanese_Arab_Batahin_(n=14),Sudanese_Arab_Batahin
Sudanese_Arab_Ja'alin_(n=13),Sudanese_Arab_Ja'alin
Sudanese_Arab_Ja'alin_o_(n=1),Sudanese_Arab_Ja'alin
Sudanese_Arab_Kababish_(n=17),Sudanese_Arab_Kababish
Sudanese_Arab_Kababish_o1_(n=2),Sudanese_Arab_Kababish
Sudanese_Arab_Kababish_o2_(n=5),Sudanese_Arab_Kababish
Sudanese_Arab_Kababish_o3_(n=1),Sudanese_Arab_Kababish
Sudanese_Arab_Shaigia_(n=8),Sudanese_Arab_Shaigia
Sudanese_Arab_Shaigia_o1_(n=1),Sudanese_Arab_Shaigia
Sudanese_Arab_Shaigia_o2_(n=1),Sudanese_Arab_Shaigia
Sundanese_(n=224),Sundanese
Surinamese_Creole_(n=1),Surinamese_Creole
Surui_(n=7),Surui
Svan_(n=9),Svan
Swahili_Kenya_(n=1),Swahili_Kenya
Swahili_Kenya_Faza_(n=18),Swahili_Kenya_Faza
Swahili_Kenya_Faza_o_(n=5),Swahili_Kenya_Faza
Swahili_Kenya_Jomvu_(n=12),Swahili_Kenya_Jomvu
Swahili_Kenya_Jomvu_o_(n=1),Swahili_Kenya_Jomvu
Swahili_Kenya_Ndau_(n=19),Swahili_Kenya_Ndau
Swahili_Kenya_Pate_(n=6),Swahili_Kenya_Pate
Swahili_Kenya_Siyu_(n=7),Swahili_Kenya_Siyu
Swahili_Kenya_Siyu_o_(n=1),Swahili_Kenya_Siyu
Swahili_Kenya_Tchundwa_(n=8),Swahili_Kenya_Tchundwa
Swahili_Kenya_Tchundwa_o_(n=2),Swahili_Kenya_Tchundwa
Swahili_Kenya_Wasini_(n=10),Swahili_Kenya_Wasini
Swahili_Kenya_Wasini_o_(n=4),Swahili_Kenya_Wasini
Swahili_Zanzibar_(n=1),Swahili_Zanzibar
Swedish_(n=113),Swedish
Swiss_French_(n=8),Swiss_French
Swiss_German_(n=9),Swiss_German
Swiss_Italian_(n=3),Swiss_Italian
Syrian_Arab_(Arabian-Mixed_Profile)_(n=15),Syrian_Arab
Syrian_Arab_(Arabian-Mixed_Profile)_o_(n=1),Syrian_Arab
Syrian_Arab_(Levantine_Profile)_(n=27),Syrian_Arab
Syrian_Arab_(Mesopotamian_Arab_Profile)_(n=11),Syrian_Arab
Syrian_Arab_(SSA-Mixed_Profile)_(n=1),Syrian_Arab
Syrian_Arab_(Syrio-Mesopotamian_Arab_Profile)_(n=27),Syrian_Arab
Syrian_Arab_Al-Hasakah_(Arabian-Mixed_Profile)_(n=1),Syrian_Arab_Al-Hasakah
Syrian_Arab_Al-Hasakah_(Mesopotamian_Arab_Profile)_(n=6),Syrian_Arab_Al-Hasakah
Syrian_Arab_Al-Hasakah_(Syrio-Mesopotamian_Arab_Profile)_(n=2),Syrian_Arab_Al-Hasakah
Syrian_Arab_Aleppo_(Arabian-Mixed_Profile)_(n=6),Syrian_Arab_Aleppo
Syrian_Arab_Aleppo_(Irano-Mesopotamian_Profile)_(n=2),Syrian_Arab_Aleppo
Syrian_Arab_Aleppo_(Levantine_Profile)_(n=11),Syrian_Arab_Aleppo
Syrian_Arab_Aleppo_(Mesopotamian_Arab_Profile)_(n=3),Syrian_Arab_Aleppo
Syrian_Arab_Aleppo_(Syrio-Mesopotamian_Arab_Profile)_(n=50),Syrian_Arab_Aleppo
Syrian_Arab_Christian_Maronite_(n=2),Syrian_Arab_Christian_Maronite
Syrian_Arab_Christian_Melkite_Greek_Catholic_(n=3),Syrian_Arab_Christian_Melkite_Greek_Catholic
Syrian_Arab_Damascus_(Levantine_Profile)_(n=13),Syrian_Arab_Damascus
Syrian_Arab_Damascus_(Syrio-Mesopotamian_Arab_Profile)_(n=7),Syrian_Arab_Damascus
Syrian_Arab_Daraa_(Levantine_Profile)_(n=4),Syrian_Arab_Daraa
Syrian_Arab_Deir_ez-Zor_(Mesopotamian_Arab_Profile)_(n=6),Syrian_Arab_Deir_ez-Zor
Syrian_Arab_Deir_ez-Zor_(SSA-Mixed_Profile)_(n=1),Syrian_Arab_Deir_ez-Zor
Syrian_Arab_Deir_ez-Zor_(Syrio-Mesopotamian_Arab_Profile)_(n=5),Syrian_Arab_Deir_ez-Zor
Syrian_Arab_Golan_(Arabian-Mixed_Profile)_(n=5),Syrian_Arab_Golan
Syrian_Arab_Hama_(Levantine_Profile)_(n=5),Syrian_Arab_Hama
Syrian_Arab_Homs_(Levantine_Profile)_(n=7),Syrian_Arab_Homs
Syrian_Arab_Homs_(Syrio-Mesopotamian_Arab_Profile)_(n=5),Syrian_Arab_Homs
Syrian_Arab_Idlib_(Arabian-Mixed_Profile)_(n=2),Syrian_Arab_Idlib
Syrian_Arab_Idlib_(Levantine_Profile)_(n=15),Syrian_Arab_Idlib
Syrian_Arab_Idlib_(Syrio-Mesopotamian_Arab_Profile)_(n=19),Syrian_Arab_Idlib
Syrian_Arab_Latakia_(Syrio-Mesopotamian_Arab_Profile)_(n=2),Syrian_Arab_Latakia
Syrian_Arab_Raqqa_(Arabian-Mixed_Profile)_(n=2),Syrian_Arab_Raqqa
Syrian_Arab_Raqqa_(Mesopotamian_Arab_Profile)_(n=3),Syrian_Arab_Raqqa
Syrian_Jew_(n=3),Syrian_Jew
Tabasaran_(n=14),Tabasaran
Tahitian_(n=3),Tahitian
Tahitian_(European-Mixed)_(n=3),Tahitian_(European-Mixed)
Tai_Lue_Thailand_(n=9),Tai_Lue_Thailand
Tai_Lue_Thailand_o_(n=1),Tai_Lue_Thailand
Tajik_(n=13),Tajik
Tajik_Ayni_(n=12),Tajik_Ayni
Tajik_Badakhshan_(n=6),Tajik_Badakhshan
Tajik_Ghazni_(n=1),Tajik_Ghazni
Tajik_Gissar_(n=4),Tajik_Gissar
Tajik_Herat_(n=1),Tajik_Herat
Tajik_Jowzjan_(n=1),Tajik_Jowzjan
Tajik_Kabul_(n=1),Tajik_Kabul
Tajik_Kapisa_(n=3),Tajik_Kapisa
Tajik_Khujand_(n=1),Tajik_Khujand
Tajik_Kulob_(n=8),Tajik_Kulob
Tajik_Panjshir_(n=1),Tajik_Panjshir
Tajik_Samarkand_(n=1),Tajik_Samarkand
Tajik_Takhar_(n=1),Tajik_Takhar
Talysh_Azerbaijan_(n=23),Talysh_Azerbaijan
Tamang_(n=7),Tamang
Tamang_Simigaon_(n=20),Tamang_Simigaon
Tamang_Tashinam_(n=11),Tamang_Tashinam
Tamil_Brahmin_Iyengar_(n=2),Tamil_Brahmin_Iyengar
Tamil_Nadu_Brahmin_(n=16),Tamil_Nadu_Brahmin
Tamil_Nadu_Brahmin_Iyer_(n=24),Tamil_Nadu_Brahmin_Iyer
Tamil_Nadu_Dalit_(n=13),Tamil_Nadu_Dalit
Tamil_Nadu_Vanniyar_(n=1),Tamil_Nadu_Vanniyar
Tamil_Pillai_(n=1),Tamil_Pillai
Tamil_Sri_Lanka_(n=101),Tamil_Sri_Lanka
Tat_Azerbaijan_(n=5),Tat_Azerbaijan
Tat_Azerbaijan_Ciscaucasia_(n=2),Tat_Azerbaijan_Ciscaucasia
Tat_Dagestan_Dzhalgan_(n=15),Tat_Dagestan_Dzhalgan
Tat_Dagestan_Nyugdi_(n=13),Tat_Dagestan_Nyugdi
Tat_Iran_(n=1),Tat_Iran
Tatar_(n=17),Tatar
Tatar_Kazan_(n=13),Tatar_Kazan
Tatar_Lipka_(n=6),Tatar_Lipka
Tatar_Mishar_(n=10),Tatar_Mishar
Tatar_Siberian_Buhar_(n=3),Tatar_Siberian_Buhar
Tatar_Siberian_Irtysh_Barabinsk_(n=2),Tatar_Siberian_Irtysh_Barabinsk
Tatar_Siberian_Ishtyak_Toguz_(n=5),Tatar_Siberian_Ishtyak_Toguz
Tatar_Siberian_Iskero-Tobolsk_(n=5),Tatar_Siberian_Iskero-Tobolsk
Tatar_Siberian_Tomsk_(n=2),Tatar_Siberian_Tomsk
Tatar_Siberian_Yalutorovsky_(n=6),Tatar_Siberian_Yalutorovsky
Tatar_Siberian_Zabolotniye_(n=5),Tatar_Siberian_Zabolotniye
Teleut_(n=10),Teleut
Telugu_(n=105),Telugu
Telugu_Balija_(n=2),Telugu_Balija
Telugu_Brahmin_(n=2),Telugu_Brahmin
Telugu_Brahmin_Niyogi_(n=1),Telugu_Brahmin_Niyogi
Telugu_Brahmin_Vaidiki_(n=3),Telugu_Brahmin_Vaidiki
Telugu_Kamma_(n=5),Telugu_Kamma
Telugu_Mala_Andhra_Pradesh_(n=14),Telugu_Mala_Andhra_Pradesh
Telugu_Reddy_(n=3),Telugu_Reddy
Telugu_Yadav_(n=2),Telugu_Yadav
Tetum_Kamanasa_(n=17),Tetum_Kamanasa
Tetum_Umaklaran_(n=1),Tetum_Umaklaran
Tetum_Umanen_Lawalu_(n=16),Tetum_Umanen_Lawalu
Thai_(n=11),Thai
Tharu_(n=23),Tharu
Tharu_o1_(n=1),Tharu
Tharu_o2_(n=1),Tharu
Tharu_o3_(n=1),Tharu
Tibetan_(n=20),Tibetan
Tibetan_Chamdo_(n=12),Tibetan_Chamdo
Tibetan_Gangcha_(n=19),Tibetan_Gangcha
Tibetan_Gannan_(n=5),Tibetan_Gannan
Tibetan_Lhasa_(n=9),Tibetan_Lhasa
Tibetan_McLeod_Ganj_(n=16),Tibetan_McLeod_Ganj
Tibetan_Muslim_Srinagar_(n=15),Tibetan_Muslim_Srinagar
Tibetan_Muslim_Srinagar_o_(n=1),Tibetan_Muslim_Srinagar
Tibetan_Nagqu_(n=8),Tibetan_Nagqu
Tibetan_Shannan_(n=9),Tibetan_Shannan
Tibetan_Shigatse_(n=10),Tibetan_Shigatse
Tibetan_Xinlong_(n=10),Tibetan_Xinlong
Tibetan_Xunhua_(n=3),Tibetan_Xunhua
Tibetan_Yajiang_(n=10),Tibetan_Yajiang
Tibetan_Yunnan_(n=4),Tibetan_Yunnan
Tigray_Ethiopia_(n=17),Tigray_Ethiopia
Tigrinya_Eritrea_(n=6),Tigrinya_Eritrea
Tikar_South_(n=2),Tikar_South
Tindi_(n=18),Tindi
Tlingit_(European-Mixed)_(n=2),Tlingit_(European-Mixed)
Toda_(n=2),Toda
Todzin_(n=3),Todzin
Tofalar_(n=11),Tofalar
Tofalar_o_(n=1),Tofalar
Tongan_(n=6),Tongan
Tongan_(European-Mixed)_(n=2),Tongan_(European-Mixed)
Tongan_(European-Mixed)_(low_res)_(n=2),Tongan_(European-Mixed)
Tongan_(SSA+European-Mixed)_(n=1),Tongan_(SSA+European-Mixed)
Torbesi_North_Macedonia_(n=2),Torbesi_North_Macedonia
Totonac_(n=9),Totonac
Totonac_(Mestizo_Profile)_(low_res)_(n=4),Totonac
Toubou_Daza_Chad_(n=18),Toubou_Daza_Chad
Toubou_Daza_Chad_o1_(n=2),Toubou_Daza_Chad
Toubou_Daza_Chad_o2_(n=1),Toubou_Daza_Chad
Toubou_Teda_(n=2),Toubou_Teda
Tripuri_(n=19),Tripuri
Tripuri_Jamatia_(n=18),Tripuri_Jamatia
Tripuri_Reang_(n=10),Tripuri_Reang
Tsakhur_(n=1),Tsakhur
Tsez_(n=18),Tsez
Tsez_o_(n=1),Tsez
Tsimshian_(European-Mixed)_(n=1),Tsimshian_(European-Mixed)
Tswa_(n=6),Tswa
Tswana_(low_res)_(n=3),Tswana
Tswana_(low_res)_o_(n=1),Tswana
Tu_(n=5),Tu
Tubalar_(n=26),Tubalar
Tujia_Chongqing_Youyang_(n=4),Tujia_Chongqing_Youyang
Tujia_Guizou_Tongren_Jiangkou_(n=51),Tujia_Guizou_Tongren_Jiangkou
Tulu_Brahmin_Karnataka_(n=1),Tulu_Brahmin_Karnataka
Tulu_Bunt_(n=2),Tulu_Bunt
Tumbuka_Malawi_(n=10),Tumbuka_Malawi
Tunisian_Arab_(n=7),Tunisian_Arab
Tunisian_Arab_(Intermediate_Shwashin_Profile)_(n=2),Tunisian_Arab
Tunisian_Arab_(SSA_Profile)_(n=1),Tunisian_Arab
Tunisian_Arab_Beja_(n=1),Tunisian_Arab_Beja
Tunisian_Arab_Bizerte_(n=2),Tunisian_Arab_Bizerte
Tunisian_Arab_Douz_(n=31),Tunisian_Arab_Douz
Tunisian_Arab_Douz_(Intermediate_Shwashin_Profile)_(n=1),Tunisian_Arab_Douz
Tunisian_Arab_Douz_(SSA_Profile)_(n=1),Tunisian_Arab_Douz
Tunisian_Arab_Jendouba_(n=2),Tunisian_Arab_Jendouba
Tunisian_Arab_Monastir_(n=6),Tunisian_Arab_Monastir
Tunisian_Arab_North_(n=5),Tunisian_Arab_North
Tunisian_Arab_R'Baya_(n=7),Tunisian_Arab_R'Baya
Tunisian_Arab_Sfax_(n=6),Tunisian_Arab_Sfax
Tunisian_Arab_Sousse_(n=2),Tunisian_Arab_Sousse
Tunisian_Arab_Tunis_(n=11),Tunisian_Arab_Tunis
Tunisian_Jew_(n=10),Tunisian_Jew
Turkish_Adana_(n=10),Turkish_Adana
Turkish_Adiyaman_(n=1),Turkish_Adiyaman
Turkish_Afyonkarahisar_(n=1),Turkish_Afyonkarahisar
Turkish_Afyonkarahisar_Northeast_(n=6),Turkish_Afyonkarahisar_Northeast
Turkish_Aksaray_(n=2),Turkish_Aksaray
Turkish_Amasya_(n=2),Turkish_Amasya
Turkish_Ankara_(n=4),Turkish_Ankara
Turkish_Ankara_Manav_(n=1),Turkish_Ankara_Manav
Turkish_Antalya_(n=11),Turkish_Antalya
Turkish_Antalya_Yoruk_(n=1),Turkish_Antalya_Yoruk
Turkish_Aydin_(n=8),Turkish_Aydin
Turkish_Balikesir_(n=7),Turkish_Balikesir
Turkish_Balikesir_Cepni_(n=1),Turkish_Balikesir_Cepni
Turkish_Balkans_(Anatolian_Turk-Mixed_Profile)_(n=12),Turkish_Balkans
Turkish_Balkans_(Balkan_Profile)_(n=7),Turkish_Balkans
Turkish_Bartin_(n=1),Turkish_Bartin
Turkish_Bayburt_(n=3),Turkish_Bayburt
Turkish_Bolu_(n=4),Turkish_Bolu
Turkish_Burdur_(n=2),Turkish_Burdur
Turkish_Cankiri_(n=1),Turkish_Cankiri
Turkish_Central_Macedonia_(n=3),Turkish_Central_Macedonia
Turkish_Corum_(n=1),Turkish_Corum
Turkish_Cyprus_(n=5),Turkish_Cyprus
Turkish_Cyprus_(SSA-Mixed_Profile)_(n=2),Turkish_Cyprus
Turkish_Denizli_(n=9),Turkish_Denizli
Turkish_Dodecanese_(n=2),Turkish_Dodecanese
Turkish_Duzce_(n=3),Turkish_Duzce
Turkish_East_Thrace_Gelibolu_(n=1),Turkish_East_Thrace_Gelibolu
Turkish_Eastern_Macedonia_(n=3),Turkish_Eastern_Macedonia
Turkish_Elazig_(n=1),Turkish_Elazig
Turkish_Erzincan_(n=2),Turkish_Erzincan
Turkish_Erzurum_(n=11),Turkish_Erzurum
Turkish_Eskisehir_(n=3),Turkish_Eskisehir
Turkish_Gaziantep_(n=8),Turkish_Gaziantep
Turkish_Giresun_(n=16),Turkish_Giresun
Turkish_Gumushane_(n=3),Turkish_Gumushane
Turkish_Hatay_(n=2),Turkish_Hatay
Turkish_Isparta_(n=3),Turkish_Isparta
Turkish_Istanbul_(Anatolian_Turk_Profile)_(n=8),Turkish_Istanbul
Turkish_Istanbul_(Anatolian_Turk-Mixed_Balkan_Turk_Profile)_(n=1),Turkish_Istanbul
Turkish_Istanbul_(Balkan_Profile)_(n=1),Turkish_Istanbul
Turkish_Izmir_(n=1),Turkish_Izmir
Turkish_Kahramanmaras_(n=7),Turkish_Kahramanmaras
Turkish_Karabuk_(n=2),Turkish_Karabuk
Turkish_Karaman_(n=3),Turkish_Karaman
Turkish_Kastamonu_(n=4),Turkish_Kastamonu
Turkish_Kayseri_(n=26),Turkish_Kayseri
Turkish_Kirikkale_(n=2),Turkish_Kirikkale
Turkish_Kirsehir_(n=3),Turkish_Kirsehir
Turkish_Kocaeli_(n=1),Turkish_Kocaeli
Turkish_Konya_(n=13),Turkish_Konya
Turkish_Kutahya_(n=2),Turkish_Kutahya
Turkish_Lesbos_(n=1),Turkish_Lesbos
Turkish_Malatya_(n=3),Turkish_Malatya
Turkish_Manisa_Yoruk_(n=3),Turkish_Manisa_Yoruk
Turkish_Mersin_(n=1),Turkish_Mersin
Turkish_Mersin_Yoruk_(n=3),Turkish_Mersin_Yoruk
Turkish_Meskhetian_Ardahan_(n=5),Turkish_Meskhetian_Ardahan
Turkish_Meskhetian_Georgia_(n=3),Turkish_Meskhetian_Georgia
Turkish_Mugla_(n=3),Turkish_Mugla
Turkish_Nevsehir_(n=5),Turkish_Nevsehir
Turkish_North_Macedonia_(n=4),Turkish_North_Macedonia
Turkish_North_Thrace_(n=7),Turkish_North_Thrace
Turkish_North_Thrace_o_(n=1),Turkish_North_Thrace
Turkish_Northern_Bulgaria_(n=15),Turkish_Northern_Bulgaria
Turkish_Ordu_(n=8),Turkish_Ordu
Turkish_Rize_(n=4),Turkish_Rize
Turkish_Sakarya_(n=1),Turkish_Sakarya
Turkish_Samsun_(n=4),Turkish_Samsun
Turkish_Sinop_(n=1),Turkish_Sinop
Turkish_Sinop_Northwest_(n=3),Turkish_Sinop_Northwest
Turkish_Sivas_(n=16),Turkish_Sivas
Turkish_Thessaly_(n=3),Turkish_Thessaly
Turkish_Tokat_(n=4),Turkish_Tokat
Turkish_Trabzon_(n=34),Turkish_Trabzon
Turkish_Trabzon_Besikduzu_(n=2),Turkish_Trabzon_Besikduzu
Turkish_Tunceli_(n=1),Turkish_Tunceli
Turkish_Usak_(n=4),Turkish_Usak
Turkish_West_Thrace_(n=3),Turkish_West_Thrace
Turkish_Western_Macedonia_(n=5),Turkish_Western_Macedonia
Turkish_Yozgat_(n=7),Turkish_Yozgat
Turkish_Zonguldak_(n=3),Turkish_Zonguldak
Turkmen_(n=50),Turkmen
Turkmen_Golestan_(n=8),Turkmen_Golestan
Turkmen_Golestan_(Intermediate_Profile)_(n=4),Turkmen_Golestan
Turkmen_o_(n=1),Turkmen
Turkmen_Uzbekistan_(n=6),Turkmen_Uzbekistan
Turkmen_Uzbekistan_o_(n=1),Turkmen_Uzbekistan
Tutsi_(n=4),Tutsi
Tutsi_Banyamulenge_(n=5),Tutsi_Banyamulenge
Tutsi_Burundi_(n=3),Tutsi_Burundi
Tutsi_Rwanda_(n=8),Tutsi_Rwanda
Tuvinian_(n=20),Tuvinian
Twa_Uganda_(n=5),Twa_Uganda
Udi_(n=3),Udi
Udmurt_(n=50),Udmurt
Ukrainian_(n=24),Ukrainian
Ukrainian_Cherkasy_(n=2),Ukrainian_Cherkasy
Ukrainian_Cherkasy_o_(n=1),Ukrainian_Cherkasy
Ukrainian_Chernihiv_(n=9),Ukrainian_Chernihiv
Ukrainian_Cossack_Dnipropetrovsk_(n=1),Ukrainian_Cossack_Dnipropetrovsk
Ukrainian_Cossack_Zaporizhzhia_(n=1),Ukrainian_Cossack_Zaporizhzhia
Ukrainian_Crimea_(n=1),Ukrainian_Crimea
Ukrainian_Dnipro_(n=9),Ukrainian_Dnipro
Ukrainian_Dnipro_o_(n=1),Ukrainian_Dnipro
Ukrainian_Donetsk_(n=3),Ukrainian_Donetsk
Ukrainian_Ivano-Frankivsk_(n=1),Ukrainian_Ivano-Frankivsk
Ukrainian_Kharkiv_(n=1),Ukrainian_Kharkiv
Ukrainian_Kiev_(n=1),Ukrainian_Kiev
Ukrainian_Kropyvnytskyi_(n=2),Ukrainian_Kropyvnytskyi
Ukrainian_Lviv_(n=11),Ukrainian_Lviv
Ukrainian_Poltava_(n=2),Ukrainian_Poltava
Ukrainian_Pontic_(n=3),Ukrainian_Pontic
Ukrainian_Rivne_(n=12),Ukrainian_Rivne
Ukrainian_Sumy_(n=16),Ukrainian_Sumy
Ukrainian_Ternopil_(n=2),Ukrainian_Ternopil
Ukrainian_Volyn_(n=1),Ukrainian_Volyn
Ukrainian_Zakarpattia_(n=25),Ukrainian_Zakarpattia
Ukrainian_Zaporizhzhia_(n=1),Ukrainian_Zaporizhzhia
Ukrainian_Zhytomyr_(n=11),Ukrainian_Zhytomyr
Ulchi_(n=10),Ulchi
Umbundu_(n=20),Umbundu
Uros_Peru_Titicaca_(n=5),Uros_Peru_Titicaca
Uruguayan_Mestizo_(n=1),Uruguayan_Mestizo
Uttar_Pradeshi_Bania_Gupta_(n=1),Uttar_Pradeshi_Bania_Gupta
Uttar_Pradeshi_Brahmin_Sakaldwipi_(n=1),Uttar_Pradeshi_Brahmin_Sakaldwipi
Uttar_Pradeshi_Chamar_(n=6),Uttar_Pradeshi_Chamar
Uttar_Pradeshi_Dalit_(n=3),Uttar_Pradeshi_Dalit
Uttar_Pradeshi_Dharkar_(n=3),Uttar_Pradeshi_Dharkar
Uttar_Pradeshi_Rajput_Muslim_(n=1),Uttar_Pradeshi_Rajput_Muslim
Uttarakhandi_Brahmin_(n=1),Uttarakhandi_Brahmin
Uyghur_(n=19),Uyghur
Uyghur_(Dungan_Profile)_(n=2),Uyghur
Uzbek_(n=15),Uzbek
Uzbek_Khorezm_(n=6),Uzbek_Khorezm
Uzbek_Khorezm_o_(n=2),Uzbek_Khorezm
Uzbek_Tashkent_(n=9),Uzbek_Tashkent
Velama_(n=3),Velama
Vellalar_(n=9),Vellalar
Venezuelan_Moreno_(n=2),Venezuelan_Moreno
Vepsian_(n=27),Vepsian
Vietnamese_(Dong_Profile)_(n=2),Vietnamese
Vietnamese_(Kinh_Profile)_(n=104),Vietnamese
Visayan_(n=4),Visayan
Vlach_Aromanian_Greece_(n=7),Vlach_Aromanian_Greece
Votian_(n=4),Votian
Wa_(n=15),Wa
Wabondei_(n=48),Wabondei
Wakhi_(n=22),Wakhi
Walloon_(n=1),Walloon
Wasambaa_(n=50),Wasambaa
Welsh_(n=20),Welsh
Western_Uttar_Pradeshi_Jatt_(n=2),Western_Uttar_Pradeshi_Jatt
Western_Uttar_Pradeshi_Jatt_Hindu_(n=2),Western_Uttar_Pradeshi_Jatt_Hindu
Western_Uttar_Pradeshi_Jatt_Sikh_(n=1),Western_Uttar_Pradeshi_Jatt_Sikh
Western_Uttar_Pradeshi_Syed_(n=4),Western_Uttar_Pradeshi_Syed
Western_Uttar_Pradeshi_Tyagi_(n=1),Western_Uttar_Pradeshi_Tyagi
Wichi_(n=15),Wichi
Wichi_(Mestizo_Profile)_(n=3),Wichi
Wolayta_(n=3),Wolayta
Wolof_Gambia_(n=112),Wolof_Gambia
Xhosa_(n=15),Xhosa
Xibo_(n=4),Xibo
Xun_(n=13),Xun
Xun_o_(n=1),Xun
Yaghnobi_(n=20),Yaghnobi
Yakut_(n=28),Yakut
Yanesha_High_Selva_(n=11),Yanesha_High_Selva
Yanesha_High_Selva_(Mestizo_Profile)_(n=8),Yanesha_High_Selva
Yanesha_Intermediate_Selva_(n=12),Yanesha_Intermediate_Selva
Yanesha_Intermediate_Selva_(Mestizo_Profile)_(n=2),Yanesha_Intermediate_Selva
Yao_(n=29),Yao
Yarsani_Iran_(n=1),Yarsani_Iran
Yarsani_Iraq_(n=1),Yarsani_Iraq
Yazidi_Armenia_(n=8),Yazidi_Armenia
Yazidi_Iraq_(n=2),Yazidi_Iraq
Yazidi_Turkey_(n=4),Yazidi_Turkey
Yemeni_Arab_(n=8),Yemeni_Arab
Yemeni_Arab_(South_Asian-Mixed)_(n=1),Yemeni_Arab_(South_Asian-Mixed)
Yemeni_Arab_(SSA-Mixed_Profile)_(n=1),Yemeni_Arab
Yemeni_Arab_Al_Bayda_(n=6),Yemeni_Arab_Al_Bayda
Yemeni_Arab_Al_Jawf_(n=4),Yemeni_Arab_Al_Jawf
Yemeni_Arab_Amran_(n=14),Yemeni_Arab_Amran
Yemeni_Arab_Dhamar_(n=9),Yemeni_Arab_Dhamar
Yemeni_Arab_Hadramaut_(n=1),Yemeni_Arab_Hadramaut
Yemeni_Arab_Hadramaut_(SSA-Mixed_Profile)_(n=1),Yemeni_Arab_Hadramaut
Yemeni_Arab_Hajjah_(SSA-Mixed_Profile)_(n=1),Yemeni_Arab_Hajjah
Yemeni_Arab_Ibb_(n=4),Yemeni_Arab_Ibb
Yemeni_Arab_Ma'rib_(n=5),Yemeni_Arab_Ma'rib
Yemeni_Mehri_Mahra_(n=9),Yemeni_Mehri_Mahra
Yemeni_Mehri_Mahra_(SSA-Mixed_Profile)_(n=2),Yemeni_Mehri_Mahra
Yemeni_Mehri_Mahra_(SSA-Mixed_Profile)_o1_(n=2),Yemeni_Mehri_Mahra
Yemeni_Mehri_Mahra_(SSA-Mixed_Profile)_o2_(n=1),Yemeni_Mehri_Mahra
Yemenite_Jew_(n=11),Yemenite_Jew
Yi_Guizhou_Bijie_Weining_(n=41),Yi_Guizhou_Bijie_Weining
Yi_Guizhou_Bijie_Weining_o_(n=4),Yi_Guizhou_Bijie_Weining
Yi_Sichuan_Liangshan_Yi_Zhaojue_(n=3),Yi_Sichuan_Liangshan_Yi_Zhaojue
Yoruba_Nigeria_(n=14),Yoruba_Nigeria
Yugur_(n=30),Yugur
Yugur_Western_(n=16),Yugur_Western
Yukaghir_Forest_(European-Mixed)_(n=5),Yukaghir_Forest_(European-Mixed)
Yukaghir_Tundra_(n=23),Yukaghir_Tundra
Yukpa_(n=1),Yukpa
Yupik_Chaplin_(n=4),Yupik_Chaplin
Yupik_Chukotka_(n=3),Yupik_Chukotka
Yupik_Naukan_(n=13),Yupik_Naukan
Yupik_Sireniki_(n=6),Yupik_Sireniki
Zaghawa_Chad_(n=11),Zaghawa_Chad
Zaghawa_Chad_o_(n=1),Zaghawa_Chad
Zaghawa_Sudan_(n=31),Zaghawa_Sudan
Zaghawa_Sudan_o1_(n=6),Zaghawa_Sudan
Zaghawa_Sudan_o2_(n=3),Zaghawa_Sudan
Zaghawa_Sudan_o3_(n=1),Zaghawa_Sudan
Zapotec_(n=7),Zapotec
Zhuang_Guangxi_Chongzuo_(n=10),Zhuang_Guangxi_Chongzuo
Zhuang_Guangxi_Donglan_(n=1),Zhuang_Guangxi_Donglan
Zhuang_Guangxi_Fusui_(n=6),Zhuang_Guangxi_Fusui
Zhuang_Guangxi_Guigang_(n=11),Zhuang_Guangxi_Guigang
Zhuang_Guangxi_Guiping_(n=1),Zhuang_Guangxi_Guiping
Zhuang_Guangxi_Hechi_(n=9),Zhuang_Guangxi_Hechi
Zhuang_Guangxi_Hengzhou_(n=1),Zhuang_Guangxi_Hengzhou
Zhuang_Guangxi_Jinchengjiang_(n=2),Zhuang_Guangxi_Jinchengjiang
Zhuang_Guangxi_Jingxi_(n=9),Zhuang_Guangxi_Jingxi
Zhuang_Guangxi_Laibin_(n=6),Zhuang_Guangxi_Laibin
Zhuang_Guangxi_Luzhai_(n=1),Zhuang_Guangxi_Luzhai
Zhuang_Guangxi_Qinzhou_(n=1),Zhuang_Guangxi_Qinzhou
Zhuang_Guangxi_Rong'an_(n=1),Zhuang_Guangxi_Rong'an
Zhuang_Guangxi_Tianlin_(n=7),Zhuang_Guangxi_Tianlin
Zhuang_Guangxi_Tianlin_o_(n=3),Zhuang_Guangxi_Tianlin
Zhuang_Guangxi_Tianyang_(n=6),Zhuang_Guangxi_Tianyang
Zhuang_Guangxi_Wuming_(n=2),Zhuang_Guangxi_Wuming
Zhuang_Guangxi_Wuxuan_(n=2),Zhuang_Guangxi_Wuxuan
Zhuang_Guangxi_Xilin_(n=2),Zhuang_Guangxi_Xilin
Zhuang_Guangxi_Xingbin_(n=3),Zhuang_Guangxi_Xingbin
Zhuang_Guangxi_Yongning_(n=1),Zhuang_Guangxi_Yongning
Zhuang_Guizhou_Congjiang_(n=49),Zhuang_Guizhou_Congjiang
Zhuang_Guizhou_Congjiang_o_(n=2),Zhuang_Guizhou_Congjiang
Zhuang_Yunnan_Guangnan_(n=5),Zhuang_Yunnan_Guangnan
Zhuang_Yunnan_Qiubei_(n=9),Zhuang_Yunnan_Qiubei
Zhuang_Yunnan_Wenshan_(n=9),Zhuang_Yunnan_Wenshan
Zhuang_Yunnan_Wenshan_o_(n=1),Zhuang_Yunnan_Wenshan
Zoroastrian_India_Irani_(n=1),Zoroastrian_India_Irani
Zoroastrian_Iran_(n=30),Zoroastrian_Iran
Zoroastrian_Iran_o_(n=1),Zoroastrian_Iran
Zulu_(low_res)_(n=8),Zulu
Zulu_(low_res)_o_(n=1),Zulu
