label,place,nn,nn_place,nn_km
Anglo-New_Zealander_(n=2),"Wellington, New Zealand",Welsh_(n=20),"Wales, UK",18785.0
Kol_(n=3),"Rewa area, Madhya Pradesh, India",Indo-Trinidadian_(n=3),"Trinidad, Trinidad and Tobago",14393.0
Indo-Trinidadian_(n=3),"Trinidad, Trinidad and Tobago",Kol_(n=3),"Rewa area, Madhya Pradesh, India",14393.0
Mexico_Early_Modern_Mexico_City_(Central/Southern_African_Bantu_Profile)_(n=2),"Mexico City, Mexico",Umbundu_(n=20),"Huambo, Angola",13056.0
Mexico_Early_Modern_Campeche_(Central/Southern_African_Bantu_Profile)_(n=1),"Campeche, Mexico",Kwangali_Namibia_(n=8),"Rundu, Kavango, Namibia",12734.0
Democratic_Republic_of_the_Congo_Kindoki_230BP_(n=2),"Kindoki, Mbanza Nzundu, Kongo Central, DR Congo",Mexico_Early_Modern_Mexico_City_(Central/Southern_African_Bantu_Profile)_(n=2),"Mexico City, Mexico",12729.0
USA_Maryland_Early-Late_Modern_Catoctin_Furnace_(African_American_Profile)_(n=13),"Catoctin Furnace, Maryland, USA",Swahili_Kenya_Faza_o_(n=5),"Faza, Pate Island, Lamu, Kenya",12565.0
Argentina_La_Arcillosa_2_5800BP_(n=1),"La Arcillosa 2, Tierra del Fuego, Argentina",USA_California_Moaning_Cave_Precolonial_(n=6),"Moaning Cave, Calaveras County, California, USA",11345.0
USA_Santa_Rosa_Island_7400BP_(n=4),"Santa Rosa Island, California, USA",Argentina_Arroyo_Seco_II_7700BP_(n=4),"Arroyo Seco 2, Tres Arroyos, Buenos Aires, Argentina",10137.0
USA_San_Nicolas_Early_Precolonial_(n=5),"San Nicolas Island, California, USA",Brazil_Lapa_Do_Santo_9600BP_(n=5),"Lapa do Santo, Lagoa Santa, Minas Gerais, Brazil",9911.0
USA_Santa_Rosa_Island_4900BP_(n=1),"Santa Rosa Island, California, USA",Argentina_Laguna_Chica_6800BP_(n=3),"Laguna Chica, Buenos Aires province, Argentina",9910.0
USA_Montana_Anzick_Clovis_(n=1),"Anzick site, Wilsall, Montana, USA",Brazil_Sumidouro_10100BP_(n=5),"Lapa do Sumidouro, Lagoa Santa, Minas Gerais, Brazil",9891.0
Brazil_Lapa_Do_Santo_9600BP_(n=5),"Lapa do Santo, Lagoa Santa, Minas Gerais, Brazil",USA_San_Catalina_Island_[Pre-]Colonial_Period_(n=1),"Santa Catalina Island, California, USA",9825.0
USA_Maryland_Early-Late_Modern_Catoctin_Furnace_(Central/Southern_African_Bantu_Profile)_(n=3),"Catoctin Furnace, Maryland, USA",Cameroonian_Bantu_(n=50),"Yaounde, southern Cameroon",9643.0
Mexico_Early_Modern_Mexico_City_(West_African_Profile)_(n=1),"Mexico City, Mexico",Mende_Sierra_Leone_(n=8),"Bo, Sierra Leone",9442.0
Yao_(n=29),"Jinxiu Yao county, Guangxi, China",Chewa_Malawi_(n=111),"Lilongwe, Malawi",9309.0
Afrikaner_(n=90),"Pretoria, South Africa",England_Early-High_Medieval_Cambridgeshire_Cherry_Hinton_(n=22),"Cherry Hinton, Cambridge, England",9086.0
Saint_Martin_Early_Modern_(Central/Southern_African_Bantu_Profile)_(n=1),"Saint Martin, Caribbean",Democratic_Republic_of_the_Congo_Kindoki_230BP_(n=2),"Kindoki, Mbanza Nzundu, Kongo Central, DR Congo",8934.0
Makhuwa_(n=19),"Nampula, northern Mozambique",Yao_(n=29),"Jinxiu Yao county, Guangxi, China",8846.0
Chile_Yamana_1000BP_(n=2),"Beagle Channel (Yamana), Chile",Mexico_Classic_Maya_Chichen_Itza_(n=32),"Chichen Itza, Yucatan, Mexico",8639.0
Coloured_o4_(n=1),"Cape Town, South Africa",Bulgaria_IUP_Bacho_Kiro_(n=3),"Bacho Kiro cave, Dryanovo, Bulgaria",8577.0
Tanzania_Early_Modern_Lindi_Swahili_(Bantu_Zone_P_Profile)_(n=1),"Lindi, Tanzania",Yao_(n=29),"Jinxiu Yao county, Guangxi, China",8532.0
Chile_Fuego_Patagonian_(n=2),"Tierra del Fuego, Chile",Cuba_Ceramic_(n=32),Cuba,8442.0
Chile_Punta_Santa_Ana_7300BP_(n=1),"Punta Santa Ana, Magallanes, Chile",Cuba_Archaic-Ceramic_(n=17),Cuba,8388.0
Hawaiian_o_(n=1),"Honolulu, Hawaii, USA",Visayan_(n=4),"Cebu, Visayas, Philippines",8386.0
Brazilian_Pardo_(n=3),"Salvador, Bahia, Brazil",England_Early_Medieval_Anglo-Saxon_Eastry_Updown_o_(Hartani/Sahelian-Mixed_Profile)_(n=1),"Eastry Updown, Kent, England",8109.0
Cajun_(n=2),"Lafayette, Louisiana, USA",French_Oil_Bourgogne-Franche-Comte_Cote-d'Or_(n=2),"Dijon, Cote-d'Or, France",8080.0
Dutch_(n=167),"Utrecht, Netherlands",Anglo-American_Utah_(n=42),"Salt Lake City, Utah, USA",8041.0
Anglo-American_Utah_(n=42),"Salt Lake City, Utah, USA",Dutch_(n=167),"Utrecht, Netherlands",8041.0
Mogush_(n=14),unidentified label; placed in the New Guinea highlands,Tuvinian_(n=20),"Kyzyl, Tuva, Russia",8003.0
Tuvinian_(n=20),"Kyzyl, Tuva, Russia",Mogush_(n=14),unidentified label; placed in the New Guinea highlands,8003.0
Chile_Kaweskar_1000BP_(n=2),"Patagonian channels (Kaweskar), Chile",Mexico_Classic_Maya_Chichen_Itza_(n=32),"Chichen Itza, Yucatan, Mexico",7981.0
Mexico_Early_Modern_Campeche_(Iberian_Profile)_(n=1),"Campeche, Mexico",Portuguese_(n=53),"Lisbon, Portugal",7917.0
Belize_Mayahak_Cab_Pek_5500BP_(n=1),"Mayahak Cab Pek, Bladen Nature Reserve, Belize",Chile_Ayayema_5100BP_(n=1),"Ayayema, Madre de Dios Island, Chile",7537.0
Belize_Saki_Tzul_7400BP_(n=2),"Saki Tzul, Bladen Nature Reserve, Belize",Chile_Ayayema_5100BP_(n=1),"Ayayema, Madre de Dios Island, Chile",7536.0
Argentina_Yamana_100BP_(n=3),"Beagle Channel (Yamana), Argentina",Curacao_Ceramic_(n=4),Curacao,7459.0
French_Oil_Normandy_Seine-Maritime_(n=16),"Rouen, Seine-Maritime, Normandy, France",Anglo-American_(n=42),United States,7380.0
Brazil_Pre-Pottery_Jabuticabeira_2200BP_(n=1),"Jabuticabeira II, Jaguaruna, Santa Catarina, Brazil",Mixtec_(n=5),"La Mixteca, Oaxaca, Mexico",7298.0
Bajo_(n=3),"Bajo (Sama-Bajau), southeast Sulawesi, Indonesia",Samoan_(n=7),"Apia, Samoa",7196.0
England_Late_Antiquity-Early_Medieval_Anglo-Saxon_Hatherdene_Close_(n=2),"Hatherdene Close, Cherry Hinton, Cambridge, England",Anglo-American_(n=42),United States,7158.0
England_Late_Medieval-Early_Modern_Cambridgeshire_Augustinian_Friary_(n=7),"Augustinian Friary, Cambridge, England",Anglo-American_(n=42),United States,7155.0
Anglo-American_(n=42),United States,England_High-Late_Medieval_Cambridgeshire_Hospital_of_St._John_(n=36),"Hospital of St John, Cambridge, England",7155.0
England_High-Late_Medieval_Cambridgeshire_Hospital_of_St._John_(n=36),"Hospital of St John, Cambridge, England",Anglo-American_(n=42),United States,7155.0
England_Late_Modern_Cambridgeshire_Holy_Trinity_College_(n=6),"Holy Trinity, Cambridge, England",Anglo-American_(n=42),United States,7154.0
Brazil_Sumidouro_10100BP_(n=5),"Lapa do Sumidouro, Lagoa Santa, Minas Gerais, Brazil",Mixtec_(n=5),"La Mixteca, Oaxaca, Mexico",7143.0
African_American_(n=24),"Atlanta, Georgia, USA",Manjak_Gambia_o_(n=2),"Banjul area, Gambia (Manjak community)",7141.0
Manjak_Gambia_o_(n=2),"Banjul area, Gambia (Manjak community)",African_American_(n=24),"Atlanta, Georgia, USA",7141.0
Brazil_Lapa_Do_Santo_9900BP_(n=2),"Lapa do Santo, Lagoa Santa, Minas Gerais, Brazil",Zapotec_(n=7),"Oaxaca, Mexico",7014.0
USA_Pennsylvania_Early_Modern_Shohola_Creek_(Northwest_Euro_Profile)_(n=1),"Shohola Creek, Pike County, Pennsylvania, USA",Slovakia_Late_Antiquity_Poprad_(Northern_Euro_Profile)_(n=1),"Poprad, Slovakia",7000.0
Anglo-Canadian_(n=2),"Toronto, Ontario, Canada",Austria_Early_Medieval_Avar_Period_(Northwest_Euro_Profile)_(n=4),Eastern Austria (Avar period),6950.0
Brazil_Jabuticabeira_II_Pre-Colonial_(n=1),"Jabuticabeira II, Jaguaruna, Santa Catarina, Brazil",Mexico_Classic_Maya_Chichen_Itza_(n=32),"Chichen Itza, Yucatan, Mexico",6936.0
Tanzania_Zanzibar_800CE_(Iberian_Profile)_(intrusive_burial)_(n=1),"Zanzibar (Unguja), Tanzania",Iberia_Castile_and_Leon_Early-High_Medieval_(Ibero-Romance_Profile)_(n=9),"Castile and Leon, Spain",6935.0
Argentina_Arroyo_Seco_II_7700BP_(n=4),"Arroyo Seco 2, Tres Arroyos, Buenos Aires, Argentina",Cuba_Archaic-Ceramic_(n=17),Cuba,6932.0
Argentina_Laguna_Toro_2400BP_(n=1),"Laguna Toro, Pampas, Argentina",Maya_Tzotzil_(n=17),"Chiapas highlands (San Cristobal), Mexico",6876.0
USA_Delaware_Early_Modern_Avery's_Rest_(Mixed_SSA_Profile)_(n=1),"Avery's Rest, Rehoboth Beach, Delaware, USA",Fulani_Guinea_A_(n=17),"Labe, Fouta Djallon, Guinea",6873.0
Samoan_o_(n=1),"Apia, Samoa",Indonesia_Morotai_N-EBA_Tanjung_Pinang_(n=4),"Tanjung Pinang, Morotai, North Maluku, Indonesia",6840.0
Indonesia_Morotai_N-EBA_Tanjung_Pinang_(n=4),"Tanjung Pinang, Morotai, North Maluku, Indonesia",Samoan_o_(n=1),"Apia, Samoa",6840.0
Khamnegan_o_(n=2),"Onon/Argun borderlands, Zabaykalsky Krai / Hulunbuir",Austria_Early_Medieval_Avar_Period_(Avar_Profile)_(n=13),Eastern Austria (Avar period),6673.0
Indonesia_Kayoa_N_Gua_Uattamdi_(n=1),"Uattamdi, Kayoa Island, North Maluku, Indonesia",Tongan_(n=6),"Nuku'alofa, Tonga",6655.0
Maori_(European-Mixed)_(n=2),"Rotorua, New Zealand",Chamorro_(European-Mixed)_(n=1),Guam,6609.0
Brazil_Taquara-Itarare_Galheta_1250BP_(n=1),"Galheta IV, Laguna, Santa Catarina, Brazil",Belize_Mayahak_Cab_Pek_5500BP_(n=1),"Mayahak Cab Pek, Bladen Nature Reserve, Belize",6609.0
Chamorro_(European-Mixed)_(n=1),Guam,Maori_(European-Mixed)_(n=2),"Rotorua, New Zealand",6609.0
USA_Delaware_Early_Modern_Avery's_Rest_(Northwest_Euro_Profile)_(n=7),"Avery's Rest, Rehoboth Beach, Delaware, USA",Sweden_Early_Medieval_Viking_Age_Oland_(Continental_Northern_Euro_Profile)_(n=2),"Oland, Sweden",6601.0
USA_Maryland_Early-Late_Modern_Catoctin_Furnace_(West_African_Profile)_(n=8),"Catoctin Furnace, Maryland, USA",Manjak_Gambia_(n=45),"Banjul area, Gambia (Manjak community)",6572.0
Cuban_Blanco_(n=10),"Havana, Cuba",Spanish_Canarias_Tenerife_(Canarian)_(n=61),"Tenerife, Canary Islands, Spain",6534.0
Dominican_Republic_Archaic_(n=1),Dominican Republic,Argentina_Arroyo_Seco_II_7700BP_(n=4),"Arroyo Seco 2, Tres Arroyos, Buenos Aires, Argentina",6435.0
Brazil_Jabuticabeira_II_2400BP_(n=15),"Jabuticabeira II, Jaguaruna, Santa Catarina, Brazil",Cuba_Ceramic_(n=32),Cuba,6426.0
Brazil_Cabecuda_3400BP_(n=2),"Cabecuda, Laguna, Santa Catarina, Brazil",Cuba_Ceramic_(n=32),Cuba,6420.0
Brazil_Sambaqui_do_Limao_1850BP_(n=3),"Sambaqui do Limao, southeastern Brazil coast",Belize_Mayahak_Cab_Pek_5500BP_(n=1),"Mayahak Cab Pek, Bladen Nature Reserve, Belize",6405.0
Brazil_Laranjeiras_I_4300BP_(n=3),"Laranjeiras I, Santa Catarina, Brazil",Cuba_Ceramic_(n=32),Cuba,6382.0
Mongolia_EUP_Salkhit_(n=1),"Salkhit, Norovlin, Khentii, Mongolia",Bulgaria_IUP_Bacho_Kiro_(n=3),"Bacho Kiro cave, Dryanovo, Bulgaria",6382.0
France_IA2_La_Tene_Hauts-de-France_(Northwest_Euro_Profile)_(low_res)_(n=1),"Hauts-de-France, France",USA_Maryland_Early_Modern_St._Mary's_City_English_(n=2),"St. Mary's City, Maryland, USA",6159.0
Brazil_Sambaqui_do_Limao_Pre-Colonial_(n=1),"Sambaqui do Limao, southeastern Brazil coast",Cuba_Ceramic_(n=32),Cuba,6154.0
Romania_Late_Antiquity_Hun_(Hun_Elite_Profile)_(n=1),Western Romania (Crisana),Mongol_Mongolia_(n=54),"Ulaanbaatar, Mongolia",6103.0
Mongol_Mongolia_(n=54),"Ulaanbaatar, Mongolia",Romania_Late_Antiquity_Hun_(Hun_Elite_Profile)_(n=1),Western Romania (Crisana),6103.0
Mongolia_IA_Xiongnu_Early_o2_(n=1),Mongolia,Hungary_Early_Medieval_Avar_Period_Early_(Avar_Profile)_(n=27),"Danube-Tisza interfluve, Hungary",6096.0
Buryatia_IA_Xiongnu_Late_(n=8),"Buryatia, Russia",Hungary_Early_Medieval_Avar_Period_Early_(Avar_Profile)_(n=27),"Danube-Tisza interfluve, Hungary",6035.0
Puerto_Rican_(n=5),"San Juan, Puerto Rico",Uruguayan_Mestizo_(n=1),"Montevideo, Uruguay",6027.0
Uruguayan_Mestizo_(n=1),"Montevideo, Uruguay",Puerto_Rican_(n=5),"San Juan, Puerto Rico",6027.0
Cochin_Jew_o_(n=2),"Kochi, Kerala, India",Roma_Turkey_Balkans_(n=1),Edirne / Turkish Thrace,5982.0
Hungary_Late_Antiquity_Hun_Elite_(n=1),Hungary,Kazakh_Gansu_(n=8),"Aksai Kazakh Autonomous County, Gansu, China",5848.0
Saint_Martin_Early_Modern_(West_African_Profile)_(n=1),"Saint Martin, Caribbean",Mende_Sierra_Leone_(n=8),"Bo, Sierra Leone",5653.0
Chile_Los_Rieles_5100BP_(n=1),"Los Rieles, Coquimbo, Chile",Puerto_Rico_Ceramic_(n=18),Puerto Rico,5599.0
Indonesia_Sulawesi_Toalean_Leang_Panninge_(n=1),"Leang Panninge, Maros, South Sulawesi, Indonesia",Ni-Vanuatu_(European-Mixed)_(n=2),"Port Vila, Vanuatu",5462.0
England_Bell_Beaker_o_(low_res)_(n=1),England,USA_Pennsylvania_Early_Modern_Shohola_Creek_(Northwest_Euro_Profile)_(n=1),"Shohola Creek, Pike County, Pennsylvania, USA",5462.0
Mongol_Inner_Mongolia_(Outer_Mongolia_Profile)_(n=8),"Inner Mongolia, China",Kalmyk_(n=5),"Elista, Kalmykia, Russia",5329.0
Tofalar_o_(n=1),"Tofalaria, Nizhneudinsky, Irkutsk, Russia",Hungary_Early_Medieval_Conqueror_Period_(Early_Magyar-Mixed_Profile)_o2_(n=4),Hungary,5315.0
India_Uttarakhand_Late_Modern_Roopkund_(Balkan_Greek_Profile)_(n=2),"Roopkund Lake, Uttarakhand, India",Greek_Peloponnese_Messenia_Outer_Mani_(n=25),"Kardamyli, Outer Mani, Messenia, Greece",5298.0
Serbia_Roman_Empire-Late_Antiquity_Viminacium_Pirivoj_(East_Med_Profile)_(n=1),"Viminacium, Kostolac, Serbia",India_Uttarakhand_Late_Modern_Roopkund_(Aegean_Greek_Profile)_(n=8),"Roopkund Lake, Uttarakhand, India",5285.0
Sakha_MN_Onnyos_(n=1),"Onnyos, Central Sakha Republic, Russia",Greenland_Paleo-Eskimo_Saqqaq_(n=1),"Saqqaq, Disko Bay, Greenland",5280.0
French_Canadian_(n=6),"Quebec City, Quebec, Canada",French_(n=64),"Paris, France",5274.0
Ukraine_Late_Medieval_Crimean_Khanate_(Nogai)_Mamay-Gora_(Mongol_Profile)_(n=2),"Mamai-Hora, Velyka Znamianka, Zaporizhzhia oblast, Ukraine",Mongol_Mongolia_(n=54),"Ulaanbaatar, Mongolia",5208.0
Hungary_Late_Antiquity_Hun_(Hun_Elite_Profile)_(n=1),Hungary,Mongol_Xinjiang_(n=8),"Bayingolin Mongol Autonomous Prefecture, Xinjiang, China",5140.0
Chukchi_(European-Mixed)_(n=1),"Anadyr, Chukotka, Russia",Greenlander_West_(European-Mixed)_(n=7),"Nuuk, West Greenland",5133.0
Greece_Late_Modern_Crete_Adele_(n=16),"Adele, Rethymno, Crete, Greece",India_Uttarakhand_Late_Modern_Roopkund_(Aegean_Greek_Profile)_(n=8),"Roopkund Lake, Uttarakhand, India",5121.0
India_Uttarakhand_Late_Modern_Roopkund_(Aegean_Greek_Profile)_(n=8),"Roopkund Lake, Uttarakhand, India",Greek_Crete_Muslim_(Cretan_Turk)_(n=5),"Crete, Greece (Cretan Muslims)",5101.0
China_Qinghai_Early_Medieval_Tubo_Dulan_o_(n=1),"Dulan, Qinghai, China",Ukraine_Early_Medieval_Saltovo-Mayaki_(Alan)_Verkhnii_Saltiv_(Central_Asian_Turkic_Profile)_(n=2),"Verkhnii Saltiv, Kharkiv oblast, Ukraine",5046.0
Primorye_N_Letuchaya_Mysh_(n=1),"Letuchaya Mysh Cave, Primorsky Krai, Russia",Kazakh_(n=20),Kazakhstan,5037.0
Evenk_o1_(n=1),"Tura, Evenkia, Krasnoyarsk Krai, Russia",Hungary_Early_Medieval_Avar_Period_Middle/Late_(Avar_Profile)_(n=9),"Danube-Tisza interfluve, Hungary",5008.0
Sakha_UP_Yana_(n=2),"Yana RHS, Sakha Republic, Russia",Russia_Voronezh_UP_Aurignacian_Kostenki_(n=1),"Kostenki, Voronezh Oblast, Russia",4940.0
Greenland_Early_Medieval_Viking_Age_Western_Settlement_(Early_Norse)_(Norse_Profile)_(low_res)_(n=1),"Western Settlement (Sandnes), Greenland",Ukraine_Late_Antiquity_Chernyakhiv_Shyshaky_(Northwest_Euro_Profile)_(n=2),"Shyshaky, Poltava oblast, Ukraine",4923.0
Mongolia_IA_Xiongnu_Late_(Iranian_Plateau_Profile)_(n=1),Mongolia,Iran_LBA_Hasanlu_(Iranian_Plateau_Profile)_(n=1),"Hasanlu, West Azerbaijan, Iran",4912.0
Iran_LBA_Hasanlu_(Iranian_Plateau_Profile)_(n=1),"Hasanlu, West Azerbaijan, Iran",Mongolia_IA_Xiongnu_Late_(Iranian_Plateau_Profile)_(n=1),Mongolia,4912.0
Xinjiang_IA_Pazyryk_Tuwaxingcun_(n=1),"Tuwa village, Burqin, Altay, Xinjiang, China",Hungary_Early_Medieval_Avar_Period_Late_(Avar_Profile)_(n=3),"Danube-Tisza interfluve, Hungary",4903.0
Cochin_Jew_Paradesi_(n=6),"Mattancherry, Kochi, Kerala, India",Lebanese_Arab_Muslim_Sunni_Dinniyeh_(n=6),"Dinniyeh, North Governorate, Lebanon",4902.0
Greenlander_East_(n=4),"Tasiilaq, East Greenland",Chukotka_Old_Bering_Sea_Uelen_(n=4),"Uelen, Chukotka, Russia",4877.0
Vanuatu_2000BP_(n=1),"Efate, Vanuatu",Alor_(n=23),"Alor Island, Indonesia",4839.0
Bolivia_Putuni_Tiwanaku_1200BP_(n=1),"Putuni, Tiwanaku, Bolivia",Mexico_Classic_Maya_Chichen_Itza_(n=32),"Chichen Itza, Yucatan, Mexico",4675.0
Kazakhstan_IA_Sarmatian_Tengyz_(n=1),"Tengiz Lake, Akmola Region, Kazakhstan",Sicily_Classical_Battle_of_Himera_480_BCE_Greek_Forces_o3_(Steppe_Iranic_Profile)_(n=2),"Himera, Sicily, Italy",4497.0
Chile_Los_Rieles_10900BP_(n=1),"Los Rieles, Coquimbo, Chile",Venezuela_Ceramic_(n=8),Venezuela,4475.0
Romania_High_Medieval_Ploiesti_Triaj_(Turkic_Profile)_(n=1),"Ploiesti Triaj, Prahova County, Romania",Kazakhstan_IA_Xianbei-Hun_Berel_(n=4),"Berel, East Kazakhstan",4471.0
Kazakhstan_Late_Antiquity_Aktas_(n=1),"Aktas, Almaty Region, Kazakhstan",Hungary_Late_Antiquity_Hun_(Hun_Elite_Profile)_(n=1),Hungary,4446.0
Mongolia_EBA_Afanasievo_(n=1),"Mongolian Altai, Mongolia",Moldova_EBA_Yamnaya_(n=14),Moldova,4440.0
Peru_Kaillachuro_(n=1),"Kaillachuro, Lake Titicaca, Peru",Maya_Tzotzil_(n=17),"Chiapas highlands (San Cristobal), Mexico",4407.0
Abkhazia_Late_Modern_Tkhina_(Chari_River_Profile)_(n=1),"Tkhina, Ochamchira, Abkhazia",Laal_(n=1),"Gori/Damtar, Moyen-Chari, Chad",4377.0
Bolivia_Monolito_Descabezado_Tiwanaku_1000BP_(n=1),"Tiwanaku, La Paz, Bolivia",Cuba_Ceramic_(n=32),Cuba,4373.0
Vanuatu_2900BP_(n=5),"Teouma, Efate, Vanuatu",Guam_Latte_Naton_(n=61),"Naton Beach, Tumon, Guam",4328.0
Belize_Saki_Tzul_4900BP_(n=1),"Saki Tzul, Bladen Nature Reserve, Belize",Bolivia_Miraflores_1100BP_(n=3),"Miraflores, La Paz, Bolivia",4316.0
Surinamese_Creole_(n=1),"Paramaribo, Suriname",Manjak_Gambia_o_(n=2),"Banjul area, Gambia (Manjak community)",4309.0
Peru_Cuzco_Qotakalli_LH_(n=4),"Cusco, Peru",Bahamas_Ceramic_(n=28),Bahamas,4256.0
Greek_Central_Anatolia_(n=1),"central Anatolia, Turkey",India_Uttarakhand_Late_Modern_Roopkund_(Central_Anatolian_Greek_Profile)_(n=1),"Roopkund Lake, Uttarakhand, India",4250.0
Tongan_(n=6),"Nuku'alofa, Tonga",Pohnpei_Nan_Madol_Saudeleur_Period_(n=7),"Nan Madol, Pohnpei, Micronesia",4245.0
Kazakhstan_LBA_Katon_Karagai_(n=1),"Katon-Karagai, East Kazakhstan",Romania_CA-LBA_Glavanesti_(n=2),"Glavanestii Vechi, Botosani County, Romania",4222.0
Romania_CA-LBA_Glavanesti_(n=2),"Glavanestii Vechi, Botosani County, Romania",Kazakhstan_LBA_Katon_Karagai_(n=1),"Katon-Karagai, East Kazakhstan",4222.0
Peru_Chincha_LH_(n=6),"Chincha, Peru",Bahamas_Ceramic_(n=28),Bahamas,4217.0
Xinjiang_EBA_Afanasievo_Tian_Shan_o_(n=1),"Tian Shan (Ili), Xinjiang, China",Moldova_EBA_Yamnaya_(n=14),Moldova,4175.0
India_Uttarakhand_Late_Modern_Roopkund_(Central_Anatolian_Greek_Profile)_(n=1),"Roopkund Lake, Uttarakhand, India",Greek_Cappadocia_Kaisareia_(n=11),"Kayseri (Kaisareia), Cappadocia, Turkey",4121.0
Ukraine_LBA_Belozerskaya_(n=2),"Bilozerka, lower Dnieper, Kherson oblast, Ukraine",Krasnoyarsk_MLBA_Andronovo_Orak_(n=10),"Orak, Krasnoyarsk Krai, Russia",4088.0
Czechia_Bell_Beaker_Early_(n=3),"Bohemia, Czechia",Kazakhstan_MLBA_Andronovo_(Alakul)_Maitan_(n=7),"Maitan, Karaganda Region, Kazakhstan",4062.0
Anatolia_Hellenistic-Roman_Republic_Samsun_(East_Med-Anatolian_Profile)_(n=1),"Samsun, Turkey",India_Uttarakhand_Late_Modern_Roopkund_(Central_Anatolian_Greek_Profile)_(n=1),"Roopkund Lake, Uttarakhand, India",4056.0
Peru_Cuncaicha_9000BP_(n=1),"Cuncaicha, Arequipa, Peru",Belize_Mayahak_Cab_Pek_5500BP_(n=1),"Mayahak Cab Pek, Bladen Nature Reserve, Belize",4008.0
